-- phpMyAdmin SQL Dump
-- version 3.2.4
-- http://www.phpmyadmin.net
--
-- Host: localhost
-- Generation Time: Apr 20, 2010 at 01:15 AM
-- Server version: 5.1.39
-- PHP Version: 5.3.1

SET SQL_MODE="NO_AUTO_VALUE_ON_ZERO";


/*!40101 SET @OLD_CHARACTER_SET_CLIENT=@@CHARACTER_SET_CLIENT */;
/*!40101 SET @OLD_CHARACTER_SET_RESULTS=@@CHARACTER_SET_RESULTS */;
/*!40101 SET @OLD_COLLATION_CONNECTION=@@COLLATION_CONNECTION */;
/*!40101 SET NAMES utf8 */;

--
-- Database: `hkust_cgs`
--

-- --------------------------------------------------------

--
-- Table structure for table `config`
--

CREATE TABLE IF NOT EXISTS `config` (
  `defaultStartMapID` tinyint(3) unsigned NOT NULL COMMENT 'default mapID used for system startup',
  `defaultStartNodeID` mediumint(8) unsigned NOT NULL COMMENT 'default start node ID for path search',
  `defaultStartNodeName` varchar(50) NOT NULL COMMENT 'default start node name for path search',
  `pixelToMeterScale` float unsigned NOT NULL COMMENT 'e.g. 0.2 => 1 pixel on map equals to 20 cm',
  `pixelToTimeScale` float unsigned NOT NULL COMMENT 'e.g. 0.2 => 0.2 s is needed for a person to travel 1 pixel',
  `meterToTimeScale` float unsigned NOT NULL COMMENT 'e.g. 1 => 1 s is needed for a person to travel 1 m',
  `iconURLRoot` tinytext NOT NULL COMMENT 'icon images'' URL root',
  `mapURLRoot` tinytext NOT NULL COMMENT 'map images'' URL root',
  `xSnapshotURLRoot` tinytext NOT NULL COMMENT 'location node snapshots'' URL root',
  `lSnapshotURLRoot` tinytext NOT NULL COMMENT 'link node snapshots'' URL root',
  PRIMARY KEY (`pixelToMeterScale`,`pixelToTimeScale`,`meterToTimeScale`),
  KEY `defaultStartNodeID` (`defaultStartNodeID`),
  KEY `defaultStartMapID` (`defaultStartMapID`)
) ENGINE=InnoDB DEFAULT CHARSET=latin1 COMMENT='system configs';

--
-- Dumping data for table `config`
--

INSERT INTO `config` (`defaultStartMapID`, `defaultStartNodeID`, `defaultStartNodeName`, `pixelToMeterScale`, `pixelToTimeScale`, `meterToTimeScale`, `iconURLRoot`, `mapURLRoot`, `xSnapshotURLRoot`, `lSnapshotURLRoot`) VALUES
(1, 1, 'HKUST Sundial', 0.074, 0.05328, 0.72, 'images/hkust/icons/', 'images/hkust/maps/', 'images/hkust/snapshots/locations/', 'images/hkust/snapshots/links/');

-- --------------------------------------------------------

--
-- Table structure for table `featured_subtype`
--

CREATE TABLE IF NOT EXISTS `featured_subtype` (
  `subType` varchar(30) NOT NULL COMMENT 'featured subtype name',
  PRIMARY KEY (`subType`)
) ENGINE=InnoDB DEFAULT CHARSET=latin1 COMMENT='subtypes for featured locations selector';

--
-- Dumping data for table `featured_subtype`
--

INSERT INTO `featured_subtype` (`subType`) VALUES
('Bookstore'),
('Computer Barn'),
('Landmark'),
('Lecture Theatre'),
('Library'),
('Office'),
('Restaurant');

-- --------------------------------------------------------

--
-- Table structure for table `keyword`
--

CREATE TABLE IF NOT EXISTS `keyword` (
  `nodeID` mediumint(8) unsigned NOT NULL COMMENT 'node''s ID',
  `keyword` varchar(50) NOT NULL COMMENT 'node''s keyword',
  PRIMARY KEY (`nodeID`,`keyword`),
  KEY `keyword` (`keyword`)
) ENGINE=InnoDB DEFAULT CHARSET=latin1 COMMENT='keyword for searching';

--
-- Dumping data for table `keyword`
--


-- --------------------------------------------------------

--
-- Table structure for table `link`
--

CREATE TABLE IF NOT EXISTS `link` (
  `linkID` smallint(5) unsigned NOT NULL AUTO_INCREMENT COMMENT 'link''s ID',
  `name` varchar(50) NOT NULL COMMENT 'link name',
  `subType` varchar(30) NOT NULL COMMENT 'e.g. Lift, Escalator, Stair, Linker...',
  `description` mediumtext COMMENT 'link description',
  `operationPeriod` tinytext COMMENT 'link operation period',
  `accessOverheadTime` smallint(5) unsigned NOT NULL COMMENT 'approximate time for waiting the lift (in second)',
  `floorTravelOverheadTime` smallint(5) unsigned NOT NULL COMMENT 'approximate time for waiting stop between each floor (in second)',
  `unitFloorTravelTime` smallint(5) unsigned NOT NULL COMMENT 'approximate time for the lift to travel one floor (in second)',
  PRIMARY KEY (`linkID`),
  KEY `subType` (`subType`)
) ENGINE=InnoDB  DEFAULT CHARSET=latin1 COMMENT='e.g. lift, escalator, stair, linker...' AUTO_INCREMENT=17 ;

--
-- Dumping data for table `link`
--

INSERT INTO `link` (`linkID`, `name`, `subType`, `description`, `operationPeriod`, `accessOverheadTime`, `floorTravelOverheadTime`, `unitFloorTravelTime`) VALUES
(1, 'Lift 17-18', 'Lift', NULL, NULL, 25, 4, 2),
(2, 'Lift 19', 'Lift', NULL, NULL, 30, 4, 2),
(3, 'Lift 25-26', 'Lift', NULL, NULL, 30, 4, 2),
(4, 'Lift 27-28', 'Lift', NULL, NULL, 30, 4, 2),
(5, 'Escalator (Floor 1 & 2)', 'Escalator', NULL, NULL, 0, 0, 10),
(6, 'SC03', 'Stair', NULL, NULL, 0, 0, 12),
(7, 'SC11', 'Stair', NULL, NULL, 0, 0, 12),
(8, 'SC14', 'Stair', NULL, NULL, 0, 0, 12),
(9, 'SC18', 'Stair', NULL, NULL, 0, 0, 12),
(10, 'SC12', 'Stair', NULL, NULL, 0, 0, 12),
(11, 'SC13', 'Stair', NULL, NULL, 0, 0, 12),
(12, 'SC15', 'Stair', NULL, NULL, 0, 0, 12),
(13, 'SC16', 'Stair', NULL, NULL, 0, 0, 12),
(14, 'SC17', 'Stair', NULL, NULL, 0, 0, 12),
(15, 'SC04', 'Stair', NULL, NULL, 0, 0, 12),
(16, 'SC19', 'Stair', NULL, NULL, 0, 0, 12);

-- --------------------------------------------------------

--
-- Table structure for table `link_node`
--

CREATE TABLE IF NOT EXISTS `link_node` (
  `nodeID` mediumint(8) unsigned NOT NULL COMMENT 'link node''s node ID',
  `linkID` smallint(5) unsigned NOT NULL COMMENT 'link number of this link node belongs to',
  `snapshotURL` tinytext COMMENT 'URL of the link snapshot',
  `snapshotWidth` smallint(5) unsigned DEFAULT NULL COMMENT 'snapshot width (in pixel)',
  `snapshotHeight` smallint(5) unsigned DEFAULT NULL COMMENT 'snapshot height (in pixel)',
  PRIMARY KEY (`nodeID`),
  KEY `linkID` (`linkID`)
) ENGINE=InnoDB DEFAULT CHARSET=latin1 COMMENT='this table corresponds to table: link';

--
-- Dumping data for table `link_node`
--

INSERT INTO `link_node` (`nodeID`, `linkID`, `snapshotURL`, `snapshotWidth`, `snapshotHeight`) VALUES
(37, 1, 'lift_17_18.JPG', 350, 263),
(38, 6, 'sc03.JPG', 350, 263),
(47, 12, 'sc15.JPG', 350, 263),
(54, 14, 'sc17.JPG', 350, 339),
(55, 5, 'escalator.jpg', 350, 263),
(66, 4, 'lift_27_28.jpg', 350, 263),
(67, 9, 'sc18.jpg', 350, 263),
(69, 13, 'sc16.jpg', 350, 263),
(73, 3, 'lift_25_26.JPG', 350, 263),
(75, 8, 'sc14.JPG', 350, 263),
(80, 10, 'sc12.JPG', 350, 263),
(84, 7, 'sc11.JPG', 350, 263),
(86, 2, 'lift_19.JPG', 350, 383),
(90, 11, 'sc13.JPG', 350, 263),
(366, 1, NULL, NULL, NULL),
(367, 6, NULL, NULL, NULL),
(368, 2, NULL, NULL, NULL),
(369, 7, NULL, NULL, NULL),
(370, 3, NULL, NULL, NULL),
(371, 8, NULL, NULL, NULL),
(372, 9, NULL, NULL, NULL),
(373, 4, NULL, NULL, NULL),
(374, 15, NULL, NULL, NULL),
(375, 10, NULL, NULL, NULL),
(376, 11, NULL, NULL, NULL),
(377, 12, NULL, NULL, NULL),
(378, 13, NULL, NULL, NULL),
(379, 14, NULL, NULL, NULL),
(380, 5, 'escalator.jpg', 350, 263),
(381, 16, NULL, NULL, NULL),
(384, 1, NULL, NULL, NULL),
(385, 6, NULL, NULL, NULL),
(386, 3, NULL, NULL, NULL),
(387, 8, NULL, NULL, NULL),
(388, 4, NULL, NULL, NULL),
(389, 9, NULL, NULL, NULL),
(390, 15, NULL, NULL, NULL),
(391, 10, NULL, NULL, NULL),
(392, 11, NULL, NULL, NULL),
(393, 12, NULL, NULL, NULL),
(394, 13, NULL, NULL, NULL),
(395, 14, NULL, NULL, NULL),
(396, 16, NULL, NULL, NULL),
(397, 2, NULL, NULL, NULL),
(398, 7, NULL, NULL, NULL);

-- --------------------------------------------------------

--
-- Table structure for table `location_node`
--

CREATE TABLE IF NOT EXISTS `location_node` (
  `nodeID` mediumint(8) unsigned NOT NULL COMMENT 'location node''s node ID',
  `name` varchar(50) NOT NULL COMMENT 'location name',
  `subType` varchar(30) NOT NULL DEFAULT 'Room' COMMENT 'e.g. Room, Landmark...',
  `description` mediumtext COMMENT 'location description',
  `openPeriod` tinytext COMMENT 'location open period',
  `url` tinytext COMMENT 'location website URL',
  `snapshotURL` tinytext COMMENT 'URL of the location snapshot',
  `snapshotWidth` smallint(5) unsigned DEFAULT NULL COMMENT 'snapshot width (in pixel)',
  `snapshotHeight` smallint(5) unsigned DEFAULT NULL COMMENT 'snapshot height (in pixel)',
  PRIMARY KEY (`nodeID`),
  KEY `subType` (`subType`)
) ENGINE=InnoDB DEFAULT CHARSET=latin1 COMMENT='e.g. room, landmark...';

--
-- Dumping data for table `location_node`
--

INSERT INTO `location_node` (`nodeID`, `name`, `subType`, `description`, `openPeriod`, `url`, `snapshotURL`, `snapshotWidth`, `snapshotHeight`) VALUES
(1, 'HKUST Sundial', 'Landmark', NULL, NULL, NULL, 'hkust_sundial.jpg', 350, 257),
(2, 'Bookstore', 'Bookstore', 'University Bookstore:<br/>Services:<br/>I.  Order & sell adopted books for faculty and offices;<br/>\r\nII. Sell selected stationery, non academic books, HKUST', '<a href=''https://www.ab.ust.hk/cso/shops_bookstore.htm'' target=''_blank'' class=''url hover_highlight_url'' style=''word-wrap:break-word''>https://www.ab.ust.hk/cso/shops_bookstore.htm</a>', 'https://www.ab.ust.hk/cso/shops_bookstore.htm', 'bookstore.jpg', 350, 263),
(3, 'Library', 'Library', 'Lee Shau Kee Library:<br/>As the heart of the HKUST intellectual enterprise, the Library supports the University''s teaching and research in science, engineering, business and management, the humanities and social sciences. Drawing students, scholars, and others from throughout the campus, across the region, and around the world, the Library also is a venue and hub for intellectual and cultural exploration, and various types of collaboration and partnership.', '<a href=''http://library.ust.hk/info/hours/'' target=''_blank'' class=''url hover_highlight_url'' style=''word-wrap:break-word''>http://library.ust.hk/info/hours/</a>\r\n', 'http://library.ust.hk', 'library.jpg', 350, 263),
(4, 'Chinese Restaurant', 'Restaurant', 'The G/F Restaurant is a bookable venue which provides full table service with a comprehensive seasonal menu of Peking & Cantonese dishes and other special functions, including cocktail receptions, banquets and buffets. This premise is issued with a Liquor Licence by the Liquor Licensing Board.', '<a href=''https://www.ab.ust.hk/cso/res_chinese_restaurant.htm'' target=''_blank'' class=''url hover_highlight_url'' style=''word-wrap:break-word''>https://www.ab.ust.hk/cso/res_chinese_restaurant.htm</a>', 'https://www.ab.ust.hk/cso/res_chinese_restaurant.htm', 'chinese_restaurant.jpg', 350, 263),
(5, 'E-Board', 'Landmark', NULL, NULL, NULL, 'e_board.jpg', 350, 263),
(6, 'Computer Barn B', 'Computer Barn', 'Tang Shiu Kin Computational Laboratory', '<a href=''http://www.ust.hk/itsc/computerbarn/openhr/openhour.html'' target=''_blank'' class=''url hover_highlight_url'' style=''word-wrap:break-word''>http://www.ust.hk/itsc/computerbarn/openhr/openhour.html</a>', 'http://www.ust.hk/itsc/computerbarn/introduction/barnb.htm', 'computer_barn_b.jpg', 350, 263),
(7, 'ARRO', 'Office', 'Admissions, Registration and Records Office:<br/>The Admissions, Registration and Records Office is generally responsible for implementing academic policies, procedures and systems relating to students.', '<a href=''https://www.ab.ust.hk/arr/reg/of/of_address/of_address.html'' target=''_blank'' class=''url hover_highlight_url'' style=''word-wrap:break-word''>https://www.ab.ust.hk/arr/reg/of/of_address/of_address.html</a>', 'https://www.ab.ust.hk/arr/reg/index_ns.html', 'arro.jpg', 350, 263),
(8, 'WC - Men (Lift 17-18)', 'WC - Men', NULL, NULL, NULL, NULL, NULL, NULL),
(9, 'LT-F', 'Lecture Theatre', 'Leung Yat Sing Lecture Theater', NULL, NULL, 'lt_f.jpg', 350, 263),
(10, 'LT-G', 'Lecture Theatre', 'Chow Tak Sin', NULL, NULL, 'lt_g.jpg', 350, 263),
(11, 'LT-H', 'Lecture Theatre', 'Chen Kuan Cheng Forum', NULL, NULL, 'lt_h.jpg', 350, 263),
(12, '1511', 'Room', NULL, NULL, NULL, NULL, NULL, NULL),
(13, '1512', 'Room', NULL, NULL, NULL, NULL, NULL, NULL),
(14, '1511A', 'Room', NULL, NULL, NULL, NULL, NULL, NULL),
(15, 'WC - Men (Lift 27-28)', 'WC - Men', NULL, NULL, NULL, NULL, NULL, NULL),
(16, 'LT-E', 'Lecture Theatre', 'Cheung On Tak Lecture Theater', NULL, NULL, NULL, NULL, NULL),
(17, 'LT-D', 'Lecture Theatre', 'Lee Wing Tat Lecture Theater', NULL, NULL, 'lt_d.jpg', 350, 263),
(18, 'LT-C', 'Lecture Theatre', 'Padma and Hari Harilela Lecture Theater', NULL, NULL, 'lt_c.jpg', 350, 263),
(19, 'LT-B', 'Lecture Theatre', 'Lam Woo Lecture Theater', NULL, NULL, 'lt_b.jpg', 350, 263),
(20, 'LT-A', 'Lecture Theatre', 'Citi Lecture Theater', NULL, NULL, 'lt_a.jpg', 350, 263),
(21, 'WC - Men (Lift 19)', 'WC - Men', NULL, NULL, NULL, NULL, NULL, NULL),
(22, 'Coffee Shop', 'Restaurant', 'The Coffee Shop provides a range of sandwiches, baked potatoes, snacks, pastries, fruits, desserts and drinks. Daily specials include a homemade soup and hot entree. All is on a self-service basis. Eat either inside or on the adjacent shaded patio, or take away. They offer catering services for tea and cocktail receptions.', '<a href=''https://www.ab.ust.hk/cso/res_coffee_shop.htm'' target=''_blank'' class=''url hover_highlight_url'' style=''word-wrap:break-word''>https://www.ab.ust.hk/cso/res_coffee_shop.htm</a>', 'https://www.ab.ust.hk/cso/res_coffee_shop.htm', 'coffee_shop.jpg', 350, 263),
(23, 'WC - Women (Lift 25-26)', 'WC - Women', NULL, NULL, NULL, NULL, NULL, NULL),
(24, 'Entrance Piazza', 'Landmark', NULL, NULL, NULL, 'entrance_piazza.jpg', 350, 263),
(26, 'Atrium', 'Landmark', 'The Hong Kong Jockey Club Atrium', NULL, NULL, 'atrium.jpg', 350, 263),
(41, 'Academic Concourse', 'Landmark', 'Chia-Wei Woo Academic Concourse', NULL, NULL, 'academic_concourse.jpg', 350, 369),
(94, '2306', 'Room', NULL, NULL, NULL, NULL, NULL, NULL),
(95, '2304', 'Room', NULL, NULL, NULL, NULL, NULL, NULL),
(96, '2303', 'Room', NULL, NULL, NULL, NULL, NULL, NULL),
(97, '2302', 'Room', NULL, NULL, NULL, NULL, NULL, NULL),
(98, 'WC - Women (Lift 17-18)', 'WC - Women', NULL, NULL, NULL, NULL, NULL, NULL),
(99, '2407', 'Room', NULL, NULL, NULL, NULL, NULL, NULL),
(100, '2406', 'Room', NULL, NULL, NULL, NULL, NULL, NULL),
(101, '2405', 'Room', NULL, NULL, NULL, NULL, NULL, NULL),
(102, '2404', 'Room', NULL, NULL, NULL, NULL, NULL, NULL),
(103, '2417', 'Room', NULL, NULL, NULL, NULL, NULL, NULL),
(104, '2419', 'Room', NULL, NULL, NULL, NULL, NULL, NULL),
(105, '2446', 'Room', NULL, NULL, NULL, NULL, NULL, NULL),
(106, '2448', 'Room', NULL, NULL, NULL, NULL, NULL, NULL),
(107, '2436', 'Room', NULL, NULL, NULL, NULL, NULL, NULL),
(108, '2442', 'Room', NULL, NULL, NULL, NULL, NULL, NULL),
(109, '2463', 'Room', NULL, NULL, NULL, NULL, NULL, NULL),
(110, '2464', 'Room', NULL, NULL, NULL, NULL, NULL, NULL),
(111, '2465', 'Room', NULL, NULL, NULL, NULL, NULL, NULL),
(112, 'WC - Men (Lift 25-26)', 'WC - Men', NULL, NULL, NULL, NULL, NULL, NULL),
(113, '2504', 'Room', NULL, NULL, NULL, NULL, NULL, NULL),
(114, '2503', 'Room', NULL, NULL, NULL, NULL, NULL, NULL),
(115, '2502', 'Room', NULL, NULL, NULL, NULL, NULL, NULL),
(116, '2125', 'Room', 'Server Room\r\n<br/>\r\nDepartment of Mechanical Engineering', NULL, NULL, '2125.jpg', 350, 263),
(117, 'WC - Men (Lift 19)', 'WC - Men', NULL, NULL, NULL, NULL, NULL, NULL),
(118, '2128', 'Laboratory', 'Instrumentation Maintenance & Repair Unit\r\n<br/>\r\nDesign & Manufacturing Services Facility', NULL, NULL, '2128.jpg', 350, 263),
(119, '2131', 'Laboratory', 'Nano Science and Technology Program', NULL, NULL, '2131.jpg', 350, 263),
(120, '2130 ', 'Laboratory', 'Consumer Media Center\r\n<br/>\r\nInstitute of NanoMaterials and Nano Technology', NULL, NULL, '2130.jpg', 350, 263),
(121, '2136-38', 'Laboratory', 'Undergraduate Laboratory\r\n<br/>\r\nDepartment of Mechanical Engineering', NULL, NULL, '2136_38.jpg', 350, 263),
(122, '2140', 'Room', NULL, NULL, NULL, NULL, NULL, NULL),
(123, '2143', 'Room', NULL, NULL, NULL, NULL, NULL, NULL),
(124, '2151', 'Laboratory', 'Materials Characterisation & Preparation Facility', NULL, NULL, '2151.jpg', 350, 263),
(125, '2153', 'Laboratory', 'Materials Characterisation & Preparation Facility\r\n<br/>\r\nOptical Charaterisation Laboratoty', NULL, NULL, '2153.jpg', 350, 263),
(126, '2150', 'Laboratory', 'Materials Characterisation & Preparation Facility\r\n<br/>\r\nX-Ray Diffraction Laboratory II', NULL, NULL, '2150.jpg', 350, 263),
(127, '2152', 'Laboratory', 'Materials Characterisation & Preparation Facility\r\n<br/>\r\nThermal Analysis Laboratory', NULL, NULL, '2152.jpg', 350, 263),
(128, '2154', 'Laboratory', 'Materials Characterisation & Preparation Facility\r\n<br/>\r\nNuclear Magnetic Resonance Laboratory', NULL, NULL, '2154.jpg', 350, 263),
(129, 'LT-K', 'Lecture Theatre', 'Mr and Mrs Lee Siu Lun Lecture Theater', NULL, NULL, 'lt_k.jpg', 350, 263),
(130, 'LT-J', 'Lecture Theatre', 'Chiang Chen Lecture Theater', NULL, NULL, 'lt_j.jpg', 350, 263),
(131, '2580', 'Room', NULL, NULL, NULL, NULL, NULL, NULL),
(132, 'GSPO', 'Office', 'Global Students and Programs Office', NULL, 'http://www.ust.hk/international/', 'gspo.jpg', 350, 263),
(133, 'WC - Women (Lift 27-28)', 'WC - Women', NULL, NULL, NULL, NULL, NULL, NULL),
(134, '2574', 'Room', NULL, NULL, NULL, NULL, NULL, NULL),
(135, '2575', 'Laboratory', 'Materials Characterisation & Preparation Facility(MCPF)', NULL, NULL, '2575.jpg', 350, 263),
(136, '2575A', 'Room', NULL, NULL, NULL, NULL, NULL, NULL),
(137, '2575C', 'Room', NULL, NULL, NULL, NULL, NULL, NULL),
(138, '2575E', 'Room', NULL, NULL, NULL, NULL, NULL, NULL),
(228, '3313', 'Room', NULL, NULL, NULL, NULL, NULL, NULL),
(229, '3306', 'Room', NULL, NULL, NULL, NULL, NULL, NULL),
(230, '3311', 'Room', NULL, NULL, NULL, NULL, NULL, NULL),
(231, '3304', 'Room', NULL, NULL, NULL, NULL, NULL, NULL),
(232, '3414', 'Room', NULL, NULL, NULL, NULL, NULL, NULL),
(233, '3411', 'Room', NULL, NULL, NULL, NULL, NULL, NULL),
(234, '3408', 'Room', NULL, NULL, NULL, NULL, NULL, NULL),
(235, '3404', 'Room', NULL, NULL, NULL, NULL, NULL, NULL),
(236, '3429', 'Room', NULL, NULL, NULL, NULL, NULL, NULL),
(237, '3434', 'Room', NULL, NULL, NULL, NULL, NULL, NULL),
(238, '3445', 'Room', NULL, NULL, NULL, NULL, NULL, NULL),
(239, '3457', 'Room', NULL, NULL, NULL, NULL, NULL, NULL),
(240, '3455', 'Room', NULL, NULL, NULL, NULL, NULL, NULL),
(241, '3471', 'Room', NULL, NULL, NULL, NULL, NULL, NULL),
(242, '3482', 'Room', NULL, NULL, NULL, NULL, NULL, NULL),
(243, '3478', 'Room', NULL, NULL, NULL, NULL, NULL, NULL),
(244, '3487', 'Room', NULL, NULL, NULL, NULL, NULL, NULL),
(245, '3534', 'Room', NULL, NULL, NULL, NULL, NULL, NULL),
(246, '3528', 'Office', 'Administration Office\r\n<br/>\r\nDepartment of Computer Science and Engineering', NULL, 'https://www.cse.ust.hk/admin/contact/', '3528.jpg', 350, 263),
(247, '3524', 'Room', NULL, NULL, NULL, NULL, NULL, NULL),
(248, '3518', 'Room', NULL, NULL, NULL, NULL, NULL, NULL),
(249, '3510', 'Room', NULL, NULL, NULL, NULL, NULL, NULL),
(250, '3508', 'Room', NULL, NULL, NULL, NULL, NULL, NULL),
(251, '3586', 'Room', NULL, NULL, NULL, NULL, NULL, NULL),
(252, '3593', 'Room', NULL, NULL, NULL, NULL, NULL, NULL),
(253, '3588', 'Room', NULL, NULL, NULL, NULL, NULL, NULL),
(254, '3595', 'Room', NULL, NULL, NULL, NULL, NULL, NULL),
(255, '3126', 'Laboratory', 'Robot Manipulation Laboratory\r\n<br/>\r\nDepartment of Electronic and Computer Engineering', NULL, NULL, '3126.jpg', 350, 263),
(256, '3130', 'Office', 'Technical Staff Office\r\n<br/>\r\nDepartment of Electronic and Computer Engineering', NULL, NULL, '3130.jpg', 350, 263),
(257, '3123', 'Laboratory', 'Optical Device Characterisation Laboratory\r\n<br/>\r\nDepartment of Electronic and Computer Engineering', NULL, NULL, '3123.jpg', 350, 263),
(258, '3125A', 'Laboratory', 'Senior Project Laboratory\r\n<br/>\r\nDepartment of Electronic and Computer Engineering', NULL, NULL, '3125a.jpg', 350, 263),
(259, '3122', 'Laboratory', 'Electro-Optics Laboratory\r\n<br/>\r\nDepartment of Electronic and Computer Engineering', NULL, NULL, '3122.jpg', 350, 263),
(260, '3121', 'Laboratory', 'Modular Teaching Laboratory\r\n<br/>\r\nDepartment of Electronic and Computer Engineering', NULL, NULL, '3121.jpg', 350, 263),
(261, '3117', 'Laboratory', 'Broadband Network Laboratory\r\n<br/>\r\nDepartment of Electronic and Computer Engineering', NULL, NULL, '3117.jpg', 350, 263),
(262, '3119', 'Room', NULL, NULL, NULL, NULL, NULL, NULL),
(263, '3113', 'Laboratory', 'Integrated Power Electronics Laboratory\r\n<br/>\r\nDepartment of Electronic and Computer Engineering', NULL, NULL, '3113.jpg', 350, 263),
(264, '3114', 'Laboratory', 'VLSI Disign Teaching Laboratory\r\n<br/>\r\nDepartment of Electronic and Computer Engineering', NULL, NULL, '3114.jpg', 350, 263),
(265, '3110', 'Laboratory', 'Wireless Communication Laboratory\r\n<br/>\r\nDepartment of Electronic and Computer Engineering', NULL, NULL, '3110.jpg', 350, 263),
(266, 'WC - Women (Lift 17-18)', 'WC - Women', NULL, NULL, NULL, NULL, NULL, NULL),
(267, 'WC - Women (Lift 19)', 'WC - Women', NULL, NULL, NULL, NULL, NULL, NULL),
(268, 'WC - Men (Lift 25-26)', 'WC - Men', NULL, NULL, NULL, NULL, NULL, NULL),
(269, 'WC - Men (Lift 27-28)', 'WC - Men', NULL, NULL, NULL, NULL, NULL, NULL),
(399, 'Observation Deck', 'Landmark', NULL, NULL, NULL, 'observation_deck.jpg', 350, 397),
(403, 'URAO', 'Office', 'Undergraduate Recruitment and Admissions Office:<br/>The HKUST Undergraduate Recruitment and Admissions Office aims to help entering freshmen to make an informed choice and to ease out the admission process.\r\n', NULL, 'http://urao.ust.hk/', 'urao.jpg', 350, 263),
(405, 'Express Station', 'Express Station', NULL, NULL, NULL, 'express_station_1.jpg', 350, 263),
(406, 'Express Station', 'Express Station', NULL, NULL, NULL, 'express_station_2.jpg', 350, 263),
(407, 'Express Station', 'Express Station', NULL, NULL, NULL, 'express_station_4.jpg', 350, 263),
(409, 'Express Station', 'Express Station', NULL, NULL, NULL, 'express_station_5.jpg', 350, 263),
(410, 'Express Station', 'Express Station', NULL, NULL, NULL, 'express_station_7.jpg', 350, 384),
(411, 'Express Station', 'Express Station', NULL, NULL, NULL, 'express_station_6.jpg', 350, 263),
(412, 'Express Station', 'Express Station', NULL, NULL, NULL, 'express_station_8.jpg', 350, 263),
(419, '3461', 'Office', 'Administration Office\r\n<br/>\r\nDepartment of Mathematics', NULL, 'http://www.math.ust.hk/contact.shtml', '3461.jpg', 350, 263);

-- --------------------------------------------------------

--
-- Table structure for table `map`
--

CREATE TABLE IF NOT EXISTS `map` (
  `mapID` tinyint(3) unsigned NOT NULL AUTO_INCREMENT COMMENT 'map''s ID',
  `mapName` varchar(40) NOT NULL COMMENT 'map''s name (e.g. Ground Floor)',
  `floorID` tinyint(3) unsigned NOT NULL COMMENT 'floor number of this map represents (e.g. LG1=>0, F1=>2)',
  `mapURL` tinytext NOT NULL COMMENT 'URL of the map',
  `mapWidth` smallint(5) unsigned NOT NULL COMMENT 'map''s width (in pixel)',
  `mapHeight` smallint(5) unsigned NOT NULL COMMENT 'map''s height (in pixel)',
  `xRelativeToStartMap` smallint(5) NOT NULL COMMENT 'x coordinate for aligning to start map',
  `yRelativeToStartMap` smallint(5) NOT NULL COMMENT 'y coordinate for aligning to start map',
  PRIMARY KEY (`mapID`),
  UNIQUE KEY `mapName` (`mapName`),
  KEY `floorID` (`floorID`)
) ENGINE=InnoDB  DEFAULT CHARSET=latin1 COMMENT='storing information of each map image' AUTO_INCREMENT=4 ;

--
-- Dumping data for table `map`
--

INSERT INTO `map` (`mapID`, `mapName`, `floorID`, `mapURL`, `mapWidth`, `mapHeight`, `xRelativeToStartMap`, `yRelativeToStartMap`) VALUES
(1, 'Floor G & 1', 1, 'floor_0_1.gif', 3495, 2097, 0, 0),
(2, 'Floor 2', 2, 'floor_2.gif', 3105, 1134, 1127, 193),
(3, 'Floor 3', 3, 'floor_3.gif', 2469, 1300, 1127, 193);

-- --------------------------------------------------------

--
-- Table structure for table `nearest_subtype`
--

CREATE TABLE IF NOT EXISTS `nearest_subtype` (
  `subType` varchar(30) NOT NULL COMMENT 'nearest subtype name',
  PRIMARY KEY (`subType`)
) ENGINE=InnoDB DEFAULT CHARSET=latin1 COMMENT='subtypes for nearest locations selector';

--
-- Dumping data for table `nearest_subtype`
--

INSERT INTO `nearest_subtype` (`subType`) VALUES
('Express Station'),
('Landmark'),
('WC - Men'),
('WC - Women');

-- --------------------------------------------------------

--
-- Table structure for table `node`
--

CREATE TABLE IF NOT EXISTS `node` (
  `nodeID` mediumint(8) unsigned NOT NULL AUTO_INCREMENT COMMENT 'unified node ID',
  `nodeType` enum('X','L','P') NOT NULL DEFAULT 'P' COMMENT 'X / L / P',
  `x` smallint(5) unsigned NOT NULL COMMENT 'node''s x coordinate',
  `y` smallint(5) unsigned NOT NULL COMMENT 'node''s y coordinate',
  `floorID` tinyint(3) unsigned NOT NULL DEFAULT '1' COMMENT 'floor number of this node on',
  `mapID` tinyint(3) unsigned NOT NULL DEFAULT '1' COMMENT 'map number of this node on',
  PRIMARY KEY (`nodeID`),
  UNIQUE KEY `x` (`x`,`y`,`mapID`),
  KEY `floorID` (`floorID`),
  KEY `nodeType` (`nodeType`),
  KEY `mapID` (`mapID`)
) ENGINE=InnoDB  DEFAULT CHARSET=latin1 COMMENT='for searching Location / Path /Link nodes' AUTO_INCREMENT=421 ;

--
-- Dumping data for table `node`
--

INSERT INTO `node` (`nodeID`, `nodeType`, `x`, `y`, `floorID`, `mapID`) VALUES
(1, 'X', 818, 1925, 1, 1),
(2, 'X', 353, 1122, 1, 1),
(3, 'X', 270, 395, 1, 1),
(4, 'X', 1330, 310, 1, 1),
(5, 'X', 1155, 610, 1, 1),
(6, 'X', 1522, 1060, 1, 1),
(7, 'X', 1522, 610, 1, 1),
(8, 'X', 1380, 535, 1, 1),
(9, 'X', 2198, 162, 1, 1),
(10, 'X', 2542, 162, 1, 1),
(11, 'X', 3235, 162, 1, 1),
(12, 'X', 3235, 395, 1, 1),
(13, 'X', 3235, 532, 1, 1),
(14, 'X', 3235, 758, 1, 1),
(15, 'X', 3396, 540, 1, 1),
(16, 'X', 2980, 1060, 1, 1),
(17, 'X', 2773, 1060, 1, 1),
(18, 'X', 2488, 1060, 1, 1),
(19, 'X', 2245, 1060, 1, 1),
(20, 'X', 1900, 1060, 1, 1),
(21, 'X', 1920, 1320, 1, 1),
(22, 'X', 2488, 610, 1, 1),
(23, 'X', 2415, 530, 1, 1),
(24, 'X', 818, 1380, 1, 1),
(25, 'P', 818, 1122, 1, 1),
(26, 'X', 818, 758, 1, 1),
(27, 'P', 691, 758, 1, 1),
(28, 'P', 691, 395, 1, 1),
(29, 'P', 958, 395, 1, 1),
(30, 'P', 958, 310, 1, 1),
(31, 'P', 958, 758, 1, 1),
(32, 'P', 1158, 758, 1, 1),
(33, 'P', 1457, 758, 1, 1),
(34, 'P', 1457, 610, 1, 1),
(35, 'P', 1330, 535, 1, 1),
(36, 'P', 1330, 455, 1, 1),
(37, 'L', 1380, 455, 1, 1),
(38, 'L', 1280, 535, 1, 1),
(39, 'P', 1522, 758, 1, 1),
(40, 'P', 1710, 758, 1, 1),
(41, 'X', 1850, 758, 1, 1),
(42, 'P', 1900, 758, 1, 1),
(43, 'P', 2075, 758, 1, 1),
(44, 'P', 2245, 758, 1, 1),
(45, 'P', 2370, 758, 1, 1),
(46, 'P', 2488, 758, 1, 1),
(47, 'L', 2370, 855, 1, 1),
(48, 'P', 2488, 855, 1, 1),
(49, 'P', 2608, 855, 1, 1),
(50, 'P', 2773, 855, 1, 1),
(51, 'P', 2773, 918, 1, 1),
(52, 'P', 2883, 855, 1, 1),
(53, 'P', 2883, 918, 1, 1),
(54, 'L', 2883, 758, 1, 1),
(55, 'L', 2980, 855, 1, 1),
(56, 'P', 2980, 918, 1, 1),
(57, 'P', 3095, 918, 1, 1),
(58, 'P', 3150, 918, 1, 1),
(59, 'P', 3150, 758, 1, 1),
(60, 'P', 3150, 532, 1, 1),
(61, 'P', 3150, 395, 1, 1),
(62, 'P', 3150, 333, 1, 1),
(63, 'P', 3235, 333, 1, 1),
(64, 'P', 3396, 333, 1, 1),
(65, 'P', 3396, 465, 1, 1),
(66, 'L', 3350, 465, 1, 1),
(67, 'L', 3445, 488, 1, 1),
(68, 'P', 2883, 333, 1, 1),
(69, 'L', 2883, 455, 1, 1),
(70, 'P', 2542, 333, 1, 1),
(71, 'P', 2370, 333, 1, 1),
(72, 'P', 2370, 455, 1, 1),
(73, 'L', 2415, 455, 1, 1),
(74, 'P', 2370, 530, 1, 1),
(75, 'L', 2315, 530, 1, 1),
(76, 'P', 2198, 333, 1, 1),
(77, 'P', 2027, 333, 1, 1),
(78, 'P', 2027, 370, 1, 1),
(79, 'P', 1852, 370, 1, 1),
(80, 'L', 1852, 454, 1, 1),
(81, 'P', 1710, 1250, 1, 1),
(82, 'P', 1920, 1250, 1, 1),
(83, 'P', 1980, 1250, 1, 1),
(84, 'L', 1980, 1320, 1, 1),
(85, 'P', 2030, 1250, 1, 1),
(86, 'L', 2030, 1345, 1, 1),
(87, 'P', 2075, 1250, 1, 1),
(88, 'P', 2608, 1250, 1, 1),
(89, 'P', 3095, 1250, 1, 1),
(90, 'L', 1850, 855, 1, 1),
(91, 'P', 1155, 758, 1, 1),
(92, 'P', 1330, 610, 1, 1),
(93, 'P', 3396, 488, 1, 1),
(94, 'X', 95, 295, 2, 2),
(95, 'X', 95, 425, 2, 2),
(96, 'X', 95, 535, 2, 2),
(97, 'X', 95, 602, 2, 2),
(98, 'X', 277, 338, 2, 2),
(99, 'X', 460, 295, 2, 2),
(100, 'X', 460, 423, 2, 2),
(101, 'X', 460, 535, 2, 2),
(102, 'X', 460, 602, 2, 2),
(103, 'X', 485, 65, 2, 2),
(104, 'X', 545, 65, 2, 2),
(105, 'X', 957, 63, 2, 2),
(106, 'X', 1015, 53, 2, 2),
(107, 'X', 815, 150, 2, 2),
(108, 'X', 885, 180, 2, 2),
(109, 'X', 1057, 260, 2, 2),
(110, 'X', 1057, 425, 2, 2),
(111, 'X', 1057, 535, 2, 2),
(112, 'X', 1234, 335, 2, 2),
(113, 'X', 1415, 277, 2, 2),
(114, 'X', 1415, 425, 2, 2),
(115, 'X', 1415, 535, 2, 2),
(116, 'X', 925, 853, 2, 2),
(117, 'X', 820, 1070, 2, 2),
(118, 'X', 1180, 780, 2, 2),
(119, 'X', 1435, 780, 2, 2),
(120, 'X', 1435, 920, 2, 2),
(121, 'X', 1840, 850, 2, 2),
(122, 'X', 1950, 760, 2, 2),
(123, 'X', 1950, 880, 2, 2),
(124, 'X', 2248, 920, 2, 2),
(125, 'X', 2340, 920, 2, 2),
(126, 'X', 2220, 785, 2, 2),
(127, 'X', 2303, 785, 2, 2),
(128, 'X', 2375, 785, 2, 2),
(129, 'X', 2990, 288, 2, 2),
(130, 'X', 2810, 830, 2, 2),
(131, 'X', 2290, 350, 2, 2),
(132, 'X', 2340, 423, 2, 2),
(133, 'X', 2150, 337, 2, 2),
(134, 'X', 2000, 260, 2, 2),
(135, 'X', 2042, 423, 2, 2),
(136, 'X', 1970, 350, 2, 2),
(137, 'X', 1970, 460, 2, 2),
(138, 'X', 1970, 555, 2, 2),
(139, 'P', 185, 602, 2, 2),
(140, 'P', 185, 535, 2, 2),
(141, 'P', 185, 425, 2, 2),
(142, 'P', 185, 295, 2, 2),
(143, 'P', 185, 195, 2, 2),
(144, 'P', 277, 195, 2, 2),
(145, 'P', 277, 260, 2, 2),
(146, 'P', 277, 287, 2, 2),
(147, 'P', 363, 195, 2, 2),
(148, 'P', 363, 295, 2, 2),
(149, 'P', 363, 423, 2, 2),
(150, 'P', 363, 535, 2, 2),
(151, 'P', 363, 707, 2, 2),
(152, 'P', 444, 195, 2, 2),
(153, 'P', 444, 123, 2, 2),
(154, 'P', 485, 123, 2, 2),
(155, 'P', 576, 123, 2, 2),
(156, 'P', 755, 123, 2, 2),
(157, 'P', 755, 150, 2, 2),
(158, 'P', 915, 123, 2, 2),
(159, 'P', 915, 180, 2, 2),
(160, 'P', 957, 123, 2, 2),
(161, 'P', 1057, 123, 2, 2),
(162, 'P', 1057, 53, 2, 2),
(163, 'P', 1057, 195, 2, 2),
(164, 'P', 1145, 195, 2, 2),
(165, 'P', 1145, 260, 2, 2),
(166, 'P', 1145, 425, 2, 2),
(167, 'P', 1145, 535, 2, 2),
(168, 'P', 1145, 604, 2, 2),
(169, 'P', 1180, 604, 2, 2),
(170, 'P', 1325, 604, 2, 2),
(171, 'P', 1325, 535, 2, 2),
(172, 'P', 1325, 425, 2, 2),
(173, 'P', 1325, 277, 2, 2),
(174, 'P', 1325, 195, 2, 2),
(175, 'P', 1415, 195, 2, 2),
(176, 'P', 1415, 123, 2, 2),
(177, 'P', 1714, 123, 2, 2),
(178, 'P', 2012, 123, 2, 2),
(179, 'P', 2012, 195, 2, 2),
(180, 'P', 2102, 195, 2, 2),
(181, 'P', 2102, 260, 2, 2),
(182, 'P', 2102, 423, 2, 2),
(183, 'P', 2102, 490, 2, 2),
(184, 'P', 2102, 603, 2, 2),
(185, 'P', 2290, 603, 2, 2),
(186, 'P', 2290, 490, 2, 2),
(187, 'P', 2192, 423, 2, 2),
(188, 'P', 2290, 423, 2, 2),
(189, 'P', 2192, 337, 2, 2),
(190, 'P', 2192, 285, 2, 2),
(191, 'P', 2192, 260, 2, 2),
(192, 'P', 2192, 195, 2, 2),
(193, 'P', 2990, 637, 2, 2),
(194, 'P', 2810, 637, 2, 2),
(195, 'P', 2420, 637, 2, 2),
(196, 'P', 2420, 603, 2, 2),
(197, 'P', 2290, 637, 2, 2),
(198, 'P', 2290, 707, 2, 2),
(199, 'P', 2420, 707, 2, 2),
(200, 'P', 2060, 707, 2, 2),
(201, 'P', 2060, 637, 2, 2),
(202, 'P', 1920, 707, 2, 2),
(203, 'P', 1840, 707, 2, 2),
(204, 'P', 1613, 707, 2, 2),
(205, 'P', 1435, 707, 2, 2),
(206, 'P', 1345, 707, 2, 2),
(207, 'P', 1180, 707, 2, 2),
(208, 'P', 876, 707, 2, 2),
(209, 'P', 755, 707, 2, 2),
(210, 'P', 876, 853, 2, 2),
(211, 'P', 820, 1000, 2, 2),
(212, 'P', 876, 1000, 2, 2),
(213, 'P', 918, 1000, 2, 2),
(214, 'P', 1345, 1000, 2, 2),
(215, 'P', 1435, 1000, 2, 2),
(216, 'P', 1613, 1000, 2, 2),
(217, 'P', 1840, 1000, 2, 2),
(218, 'P', 1920, 760, 2, 2),
(219, 'P', 1920, 880, 2, 2),
(220, 'P', 1920, 1000, 2, 2),
(221, 'P', 2420, 1000, 2, 2),
(222, 'P', 2420, 842, 2, 2),
(223, 'P', 2375, 842, 2, 2),
(224, 'P', 2340, 842, 2, 2),
(225, 'P', 2303, 842, 2, 2),
(226, 'P', 2248, 842, 2, 2),
(227, 'P', 2220, 842, 2, 2),
(228, 'X', 56, 435, 3, 3),
(229, 'X', 56, 630, 3, 3),
(230, 'X', 168, 520, 3, 3),
(231, 'X', 168, 720, 3, 3),
(232, 'X', 500, 436, 3, 3),
(233, 'X', 500, 518, 3, 3),
(234, 'X', 385, 630, 3, 3),
(235, 'X', 500, 720, 3, 3),
(236, 'X', 557, 315, 3, 3),
(237, 'X', 666, 236, 3, 3),
(238, 'X', 887, 236, 3, 3),
(239, 'X', 1015, 96, 3, 3),
(240, 'X', 1015, 178, 3, 3),
(241, 'X', 1015, 435, 3, 3),
(242, 'X', 1015, 594, 3, 3),
(243, 'X', 1095, 517, 3, 3),
(244, 'X', 1095, 658, 3, 3),
(245, 'X', 1456, 177, 3, 3),
(246, 'X', 1365, 236, 3, 3),
(247, 'X', 1456, 435, 3, 3),
(248, 'X', 1456, 518, 3, 3),
(249, 'X', 1456, 636, 3, 3),
(250, 'X', 1373, 657, 3, 3),
(251, 'X', 1971, 435, 3, 3),
(252, 'X', 1971, 630, 3, 3),
(253, 'X', 2080, 518, 3, 3),
(254, 'X', 2080, 720, 3, 3),
(255, 'X', 2300, 940, 3, 3),
(256, 'X', 2380, 1025, 3, 3),
(257, 'X', 2060, 940, 3, 3),
(258, 'X', 2180, 1075, 3, 3),
(259, 'X', 1935, 940, 3, 3),
(260, 'X', 2000, 1075, 3, 3),
(261, 'X', 1582, 940, 3, 3),
(262, 'X', 1785, 1075, 3, 3),
(263, 'X', 1220, 935, 3, 3),
(264, 'X', 1365, 1075, 3, 3),
(265, 'X', 1055, 1075, 3, 3),
(266, 'X', 277, 500, 3, 3),
(267, 'X', 820, 1225, 3, 3),
(268, 'X', 1235, 500, 3, 3),
(269, 'X', 2190, 500, 3, 3),
(270, 'P', 107, 357, 3, 3),
(271, 'P', 107, 435, 3, 3),
(272, 'P', 107, 520, 3, 3),
(273, 'P', 107, 630, 3, 3),
(274, 'P', 107, 720, 3, 3),
(275, 'P', 107, 767, 3, 3),
(276, 'P', 277, 357, 3, 3),
(277, 'P', 277, 423, 3, 3),
(278, 'P', 277, 447, 3, 3),
(279, 'P', 445, 287, 3, 3),
(280, 'P', 445, 357, 3, 3),
(281, 'P', 445, 436, 3, 3),
(282, 'P', 445, 518, 3, 3),
(283, 'P', 445, 630, 3, 3),
(284, 'P', 445, 720, 3, 3),
(285, 'P', 445, 767, 3, 3),
(286, 'P', 223, 767, 3, 3),
(287, 'P', 597, 287, 3, 3),
(288, 'P', 597, 315, 3, 3),
(289, 'P', 666, 287, 3, 3),
(290, 'P', 757, 287, 3, 3),
(291, 'P', 887, 287, 3, 3),
(292, 'P', 1056, 96, 3, 3),
(293, 'P', 1056, 178, 3, 3),
(294, 'P', 1056, 287, 3, 3),
(295, 'P', 1056, 357, 3, 3),
(296, 'P', 1056, 435, 3, 3),
(297, 'P', 1056, 517, 3, 3),
(298, 'P', 1056, 594, 3, 3),
(299, 'P', 1056, 658, 3, 3),
(300, 'P', 1056, 766, 3, 3),
(301, 'P', 1235, 357, 3, 3),
(302, 'P', 1235, 422, 3, 3),
(303, 'P', 1235, 448, 3, 3),
(304, 'P', 1414, 177, 3, 3),
(305, 'P', 1414, 236, 3, 3),
(306, 'P', 1414, 287, 3, 3),
(307, 'P', 1414, 357, 3, 3),
(308, 'P', 1414, 435, 3, 3),
(309, 'P', 1414, 518, 3, 3),
(310, 'P', 1414, 636, 3, 3),
(311, 'P', 1414, 695, 3, 3),
(312, 'P', 1373, 695, 3, 3),
(313, 'P', 1414, 766, 3, 3),
(314, 'P', 1178, 766, 3, 3),
(315, 'P', 1712, 287, 3, 3),
(316, 'P', 2011, 287, 3, 3),
(317, 'P', 2011, 357, 3, 3),
(318, 'P', 2011, 435, 3, 3),
(319, 'P', 2011, 518, 3, 3),
(320, 'P', 2011, 630, 3, 3),
(321, 'P', 2011, 720, 3, 3),
(322, 'P', 2011, 766, 3, 3),
(323, 'P', 2190, 357, 3, 3),
(324, 'P', 2190, 422, 3, 3),
(325, 'P', 2190, 766, 3, 3),
(326, 'P', 2190, 448, 3, 3),
(327, 'P', 223, 874, 3, 3),
(328, 'P', 295, 874, 3, 3),
(329, 'P', 556, 874, 3, 3),
(330, 'P', 757, 874, 3, 3),
(331, 'P', 955, 874, 3, 3),
(332, 'P', 1178, 874, 3, 3),
(333, 'P', 1220, 874, 3, 3),
(334, 'P', 1250, 874, 3, 3),
(335, 'P', 1506, 874, 3, 3),
(336, 'P', 1582, 874, 3, 3),
(337, 'P', 1712, 874, 3, 3),
(338, 'P', 1935, 874, 3, 3),
(339, 'P', 2060, 874, 3, 3),
(340, 'P', 2190, 874, 3, 3),
(341, 'P', 2300, 874, 3, 3),
(342, 'P', 2422, 874, 3, 3),
(343, 'P', 2422, 1025, 3, 3),
(344, 'P', 2422, 1166, 3, 3),
(345, 'P', 2180, 1166, 3, 3),
(346, 'P', 2000, 1166, 3, 3),
(347, 'P', 1785, 1166, 3, 3),
(348, 'P', 1506, 1166, 3, 3),
(349, 'P', 1365, 1166, 3, 3),
(350, 'P', 1055, 1166, 3, 3),
(351, 'P', 955, 1166, 3, 3),
(352, 'P', 922, 1166, 3, 3),
(353, 'P', 878, 1166, 3, 3),
(354, 'P', 556, 1166, 3, 3),
(355, 'P', 820, 1166, 3, 3),
(356, 'P', 363, 602, 2, 2),
(357, 'P', 576, 65, 2, 2),
(358, 'P', 1234, 195, 2, 2),
(359, 'P', 1234, 260, 2, 2),
(360, 'P', 1234, 285, 2, 2),
(361, 'P', 2042, 350, 2, 2),
(362, 'P', 2042, 460, 2, 2),
(363, 'P', 2042, 555, 2, 2),
(364, 'P', 2268, 423, 2, 2),
(365, 'P', 2268, 480, 2, 2),
(366, 'L', 323, 260, 2, 2),
(367, 'L', 238, 287, 2, 2),
(368, 'L', 918, 1090, 2, 2),
(369, 'L', 876, 1070, 2, 2),
(370, 'L', 1280, 260, 2, 2),
(371, 'L', 1190, 285, 2, 2),
(372, 'L', 2235, 285, 2, 2),
(373, 'L', 2150, 260, 2, 2),
(374, 'L', 295, 650, 2, 2),
(375, 'L', 755, 250, 2, 2),
(376, 'L', 755, 635, 2, 2),
(377, 'L', 1225, 653, 2, 2),
(378, 'L', 1714, 240, 2, 2),
(379, 'L', 1717, 535, 2, 2),
(380, 'L', 1850, 637, 2, 2),
(381, 'L', 2210, 637, 2, 2),
(382, 'P', 295, 602, 2, 2),
(383, 'P', 1180, 653, 2, 2),
(384, 'L', 324, 423, 3, 3),
(385, 'L', 234, 447, 3, 3),
(386, 'L', 1280, 422, 3, 3),
(387, 'L', 1187, 448, 3, 3),
(388, 'L', 2148, 422, 3, 3),
(389, 'L', 2235, 448, 3, 3),
(390, 'L', 295, 817, 3, 3),
(391, 'L', 757, 407, 3, 3),
(392, 'L', 757, 800, 3, 3),
(393, 'L', 1250, 817, 3, 3),
(394, 'L', 1712, 407, 3, 3),
(395, 'L', 1712, 766, 3, 3),
(396, 'L', 2190, 817, 3, 3),
(397, 'L', 922, 1250, 3, 3),
(398, 'L', 878, 1225, 3, 3),
(399, 'X', 820, 100, 1, 1),
(400, 'P', 820, 197, 1, 1),
(401, 'P', 691, 197, 1, 1),
(402, 'P', 958, 197, 1, 1),
(403, 'X', 2150, 696, 1, 1),
(404, 'P', 2075, 696, 1, 1),
(405, 'X', 570, 1000, 1, 1),
(406, 'X', 1522, 880, 1, 1),
(407, 'X', 1580, 666, 1, 1),
(408, 'X', 1580, 880, 1, 1),
(409, 'X', 2245, 900, 1, 1),
(410, 'X', 2608, 800, 1, 1),
(411, 'X', 2590, 977, 1, 1),
(412, 'X', 3056, 933, 1, 1),
(413, 'P', 818, 1000, 1, 1),
(414, 'P', 1580, 758, 1, 1),
(416, 'P', 2608, 977, 1, 1),
(418, 'P', 3056, 918, 1, 1),
(419, 'X', 1111, 236, 3, 3),
(420, 'P', 1056, 236, 3, 3);

-- --------------------------------------------------------

--
-- Table structure for table `node_icon`
--

CREATE TABLE IF NOT EXISTS `node_icon` (
  `subType` varchar(30) NOT NULL COMMENT 'subtype name',
  `nodeCategory` enum('Access','Education','Services','Utilities') NOT NULL COMMENT 'node''s categories name',
  `iconURL` tinytext NOT NULL COMMENT 'URL of the subtype icon',
  PRIMARY KEY (`subType`),
  KEY `nodeCategories` (`nodeCategory`)
) ENGINE=InnoDB DEFAULT CHARSET=latin1 COMMENT='storing information of each subtype icon';

--
-- Dumping data for table `node_icon`
--

INSERT INTO `node_icon` (`subType`, `nodeCategory`, `iconURL`) VALUES
('Bookstore', 'Services', 'bookstore.gif'),
('Computer Barn', 'Utilities', 'computer_barn.gif'),
('Escalator', 'Access', 'escalator.gif'),
('Express Station', 'Utilities', 'express_station.gif'),
('Laboratory', 'Education', 'laboratory.gif'),
('Landmark', 'Utilities', 'landmark.gif'),
('Lecture Theatre', 'Education', 'lecture_theatre.gif'),
('Library', 'Services', 'library.gif'),
('Lift', 'Access', 'lift.gif'),
('Office', 'Utilities', 'office.gif'),
('Restaurant', 'Services', 'restaurant.gif'),
('Room', 'Education', 'room.gif'),
('Stair', 'Access', 'stair.gif'),
('WC - Men', 'Utilities', 'wc_men.gif'),
('WC - Women', 'Utilities', 'wc_women.gif');

-- --------------------------------------------------------

--
-- Table structure for table `path_unit`
--

CREATE TABLE IF NOT EXISTS `path_unit` (
  `nodeID` mediumint(8) unsigned NOT NULL AUTO_INCREMENT COMMENT 'location / path / link''s node ID',
  `neighborNodeID` mediumint(8) unsigned NOT NULL COMMENT 'node''s neighbor node ID',
  `pathType` enum('P','L','E','S') NOT NULL DEFAULT 'P' COMMENT 'P / L / E / S',
  `distanceCost` float unsigned NOT NULL COMMENT 'walking cost between node and neighbor (in meter)',
  `timeCost` float unsigned NOT NULL COMMENT 'time cost between node and neighbor (in second)',
  `floorID` tinyint(3) unsigned DEFAULT NULL COMMENT 'floor number of this path unit on (link to link: null)',
  `mapID` tinyint(3) unsigned DEFAULT NULL COMMENT 'map number of this path unit on (link to link: null)',
  PRIMARY KEY (`nodeID`,`neighborNodeID`),
  UNIQUE KEY `nodeID` (`nodeID`,`neighborNodeID`,`mapID`),
  KEY `floorID` (`floorID`),
  KEY `neighborNodeID` (`neighborNodeID`),
  KEY `mapID` (`mapID`)
) ENGINE=InnoDB  DEFAULT CHARSET=latin1 COMMENT='path between two nodes' AUTO_INCREMENT=420 ;

--
-- Dumping data for table `path_unit`
--

INSERT INTO `path_unit` (`nodeID`, `neighborNodeID`, `pathType`, `distanceCost`, `timeCost`, `floorID`, `mapID`) VALUES
(1, 24, 'P', 40.33, 24.197, 1, 1),
(2, 25, 'P', 34.41, 20.645, 1, 1),
(3, 28, 'P', 31.154, 18.691, 1, 1),
(4, 30, 'P', 27.528, 16.516, 1, 1),
(5, 91, 'P', 10.952, 6.57, 1, 1),
(6, 39, 'P', 22.348, 13.408, 1, 1),
(6, 406, 'P', 13.32, 7.991, 1, 1),
(7, 34, 'P', 4.81, 2.885, 1, 1),
(8, 35, 'P', 3.699, 2.22, 1, 1),
(9, 76, 'P', 12.654, 7.591, 1, 1),
(10, 70, 'P', 12.654, 7.591, 1, 1),
(11, 63, 'P', 12.654, 7.591, 1, 1),
(12, 61, 'P', 6.29, 3.773, 1, 1),
(13, 60, 'P', 6.29, 3.773, 1, 1),
(14, 59, 'P', 6.29, 3.773, 1, 1),
(15, 93, 'P', 3.848, 2.308, 1, 1),
(16, 56, 'P', 10.508, 6.304, 1, 1),
(17, 51, 'P', 10.508, 6.304, 1, 1),
(18, 48, 'P', 15.17, 9.101, 1, 1),
(19, 44, 'P', 22.348, 13.408, 1, 1),
(19, 409, 'P', 11.84, 7.104, 1, 1),
(20, 42, 'P', 22.348, 13.408, 1, 1),
(21, 82, 'P', 5.18, 3.107, 1, 1),
(22, 46, 'P', 10.952, 6.57, 1, 1),
(23, 74, 'P', 3.329, 1.997, 1, 1),
(24, 25, 'P', 19.092, 11.455, 1, 1),
(25, 26, 'P', 26.936, 16.16, 1, 1),
(25, 413, 'P', 9.028, 5.416, 1, 1),
(26, 27, 'P', 9.398, 5.638, 1, 1),
(26, 31, 'P', 10.36, 6.215, 1, 1),
(26, 413, 'P', 17.908, 10.744, 1, 1),
(27, 28, 'P', 26.862, 16.116, 1, 1),
(28, 29, 'P', 19.758, 11.854, 1, 1),
(28, 401, 'P', 14.652, 8.791, 1, 1),
(29, 30, 'P', 6.29, 3.773, 1, 1),
(29, 31, 'P', 26.862, 16.116, 1, 1),
(30, 402, 'P', 8.362, 5.017, 1, 1),
(31, 91, 'P', 14.578, 8.746, 1, 1),
(33, 34, 'P', 10.952, 6.57, 1, 1),
(33, 39, 'P', 4.81, 2.885, 1, 1),
(33, 91, 'P', 22.348, 13.408, 1, 1),
(34, 92, 'P', 9.398, 5.638, 1, 1),
(35, 36, 'P', 5.92, 3.552, 1, 1),
(35, 38, 'P', 3.7, 2.22, 1, 1),
(35, 92, 'P', 5.55, 3.33, 1, 1),
(36, 37, 'P', 3.7, 2.22, 1, 1),
(37, 366, 'L', 0, 31, NULL, NULL),
(37, 384, 'L', 0, 37, NULL, NULL),
(38, 367, 'S', 16.6667, 12, NULL, NULL),
(38, 385, 'S', 33.3333, 24, NULL, NULL),
(39, 40, 'P', 13.911, 8.346, 1, 1),
(39, 406, 'P', 9.028, 5.416, 1, 1),
(39, 414, 'P', 4.292, 2.575, 1, 1),
(40, 41, 'P', 10.36, 6.215, 1, 1),
(40, 81, 'P', 36.408, 21.844, 1, 1),
(40, 414, 'P', 9.62, 5.772, 1, 1),
(41, 42, 'P', 3.699, 2.22, 1, 1),
(41, 90, 'P', 7.178, 4.306, 1, 1),
(42, 43, 'P', 12.95, 7.77, 1, 1),
(43, 44, 'P', 12.58, 7.547, 1, 1),
(43, 87, 'P', 36.408, 21.844, 1, 1),
(43, 404, 'P', 4.588, 2.752, 1, 1),
(44, 45, 'P', 9.25, 5.549, 1, 1),
(44, 409, 'P', 10.508, 6.304, 1, 1),
(45, 46, 'P', 8.732, 5.239, 1, 1),
(45, 47, 'P', 7.178, 4.306, 1, 1),
(45, 74, 'P', 16.872, 10.122, 1, 1),
(46, 48, 'P', 7.178, 4.306, 1, 1),
(47, 377, 'S', 16.6667, 12, NULL, NULL),
(47, 393, 'S', 33.3333, 24, NULL, NULL),
(48, 49, 'P', 8.88, 5.327, 1, 1),
(49, 50, 'P', 12.21, 7.325, 1, 1),
(49, 88, 'P', 29.229, 17.537, 1, 1),
(49, 410, 'P', 4.07, 2.441, 1, 1),
(49, 416, 'P', 9.028, 5.416, 1, 1),
(50, 51, 'P', 4.662, 2.796, 1, 1),
(50, 52, 'P', 8.139, 4.883, 1, 1),
(52, 53, 'P', 4.662, 2.796, 1, 1),
(52, 54, 'P', 7.178, 4.306, 1, 1),
(52, 55, 'P', 7.178, 4.306, 1, 1),
(53, 56, 'P', 7.178, 4.306, 1, 1),
(54, 379, 'S', 16.6667, 12, NULL, NULL),
(54, 395, 'S', 33.3333, 24, NULL, NULL),
(55, 380, 'E', 0, 10, NULL, NULL),
(56, 57, 'P', 8.51, 5.105, 1, 1),
(56, 418, 'P', 5.624, 3.374, 1, 1),
(57, 58, 'P', 4.069, 2.441, 1, 1),
(57, 89, 'P', 24.567, 14.739, 1, 1),
(57, 418, 'P', 2.886, 1.731, 1, 1),
(58, 59, 'P', 11.84, 7.103, 1, 1),
(59, 60, 'P', 16.724, 10.034, 1, 1),
(60, 61, 'P', 10.138, 6.082, 1, 1),
(61, 62, 'P', 4.588, 2.752, 1, 1),
(62, 63, 'P', 6.29, 3.773, 1, 1),
(62, 68, 'P', 19.758, 11.854, 1, 1),
(63, 64, 'P', 11.914, 7.148, 1, 1),
(64, 65, 'P', 9.767, 5.86, 1, 1),
(65, 66, 'P', 3.404, 2.041, 1, 1),
(65, 93, 'P', 1.702, 1.02, 1, 1),
(66, 373, 'L', 0, 36, NULL, NULL),
(66, 388, 'L', 0, 42, NULL, NULL),
(67, 93, 'P', 3.626, 2.175, 1, 1),
(67, 372, 'S', 16.6667, 12, NULL, NULL),
(67, 389, 'S', 33.3333, 24, NULL, NULL),
(68, 69, 'P', 9.028, 5.416, 1, 1),
(68, 70, 'P', 25.234, 15.139, 1, 1),
(69, 378, 'S', 16.6667, 12, NULL, NULL),
(69, 394, 'S', 33.3333, 24, NULL, NULL),
(70, 71, 'P', 12.728, 7.636, 1, 1),
(71, 72, 'P', 9.027, 5.416, 1, 1),
(71, 76, 'P', 12.728, 7.636, 1, 1),
(72, 73, 'P', 3.33, 1.997, 1, 1),
(72, 74, 'P', 5.55, 3.33, 1, 1),
(73, 370, 'L', 0, 36, NULL, NULL),
(73, 386, 'L', 0, 42, NULL, NULL),
(74, 75, 'P', 4.07, 2.441, 1, 1),
(75, 371, 'S', 16.6667, 12, NULL, NULL),
(75, 387, 'S', 33.3333, 24, NULL, NULL),
(76, 77, 'P', 12.654, 7.591, 1, 1),
(77, 78, 'P', 2.738, 1.642, 1, 1),
(78, 79, 'P', 12.95, 7.77, 1, 1),
(79, 80, 'P', 6.216, 3.729, 1, 1),
(80, 375, 'S', 16.6667, 12, NULL, NULL),
(80, 391, 'S', 33.3333, 24, NULL, NULL),
(81, 82, 'P', 15.54, 9.323, 1, 1),
(82, 83, 'P', 4.439, 2.663, 1, 1),
(83, 84, 'P', 5.18, 3.107, 1, 1),
(83, 85, 'P', 3.699, 2.22, 1, 1),
(84, 369, 'S', 16.6667, 12, NULL, NULL),
(84, 398, 'S', 33.3333, 24, NULL, NULL),
(85, 86, 'P', 7.029, 4.217, 1, 1),
(85, 87, 'P', 3.329, 1.997, 1, 1),
(86, 368, 'L', 0, 36, NULL, NULL),
(86, 397, 'L', 0, 42, NULL, NULL),
(87, 88, 'P', 39.442, 23.665, 1, 1),
(88, 89, 'P', 36.038, 21.622, 1, 1),
(88, 416, 'P', 20.202, 12.121, 1, 1),
(90, 376, 'S', 16.6667, 12, NULL, NULL),
(90, 392, 'S', 33.3333, 24, NULL, NULL),
(94, 142, 'P', 6.66, 3.995, 2, 2),
(95, 141, 'P', 6.66, 3.995, 2, 2),
(96, 140, 'P', 6.66, 3.995, 2, 2),
(97, 139, 'P', 6.66, 3.995, 2, 2),
(98, 146, 'P', 3.774, 2.264, 2, 2),
(99, 148, 'P', 7.178, 4.306, 2, 2),
(100, 149, 'P', 7.178, 4.306, 2, 2),
(101, 150, 'P', 7.178, 4.306, 2, 2),
(102, 356, 'P', 7.178, 4.306, 2, 2),
(103, 154, 'P', 4.292, 2.575, 2, 2),
(104, 357, 'P', 2.294, 1.376, 2, 2),
(105, 160, 'P', 4.44, 2.663, 2, 2),
(106, 162, 'P', 3.108, 1.864, 2, 2),
(107, 157, 'P', 4.44, 2.663, 2, 2),
(108, 159, 'P', 2.22, 1.331, 2, 2),
(109, 165, 'P', 6.512, 3.907, 2, 2),
(110, 166, 'P', 6.512, 3.907, 2, 2),
(111, 167, 'P', 6.512, 3.907, 2, 2),
(112, 360, 'P', 3.7, 2.22, 2, 2),
(113, 173, 'P', 6.66, 3.995, 2, 2),
(114, 172, 'P', 6.66, 3.995, 2, 2),
(115, 171, 'P', 6.66, 3.995, 2, 2),
(116, 210, 'P', 3.626, 2.175, 2, 2),
(117, 211, 'P', 5.18, 3.107, 2, 2),
(118, 207, 'P', 5.402, 3.241, 2, 2),
(119, 205, 'P', 5.402, 3.241, 2, 2),
(120, 215, 'P', 5.92, 3.552, 2, 2),
(121, 203, 'P', 10.582, 6.349, 2, 2),
(122, 218, 'P', 2.22, 1.331, 2, 2),
(123, 219, 'P', 2.22, 1.331, 2, 2),
(124, 226, 'P', 5.772, 3.463, 2, 2),
(125, 224, 'P', 5.772, 3.463, 2, 2),
(126, 227, 'P', 4.218, 2.53, 2, 2),
(127, 225, 'P', 4.218, 2.53, 2, 2),
(128, 223, 'P', 4.218, 2.53, 2, 2),
(129, 193, 'P', 25.826, 15.495, 2, 2),
(130, 194, 'P', 14.282, 8.569, 2, 2),
(131, 188, 'P', 5.402, 3.241, 2, 2),
(132, 188, 'P', 3.7, 2.22, 2, 2),
(133, 189, 'P', 3.108, 1.864, 2, 2),
(134, 181, 'P', 7.548, 4.528, 2, 2),
(135, 182, 'P', 4.44, 2.663, 2, 2),
(135, 361, 'P', 5.402, 3.241, 2, 2),
(135, 362, 'P', 2.738, 1.642, 2, 2),
(136, 361, 'P', 5.328, 3.196, 2, 2),
(137, 362, 'P', 5.328, 3.196, 2, 2),
(138, 363, 'P', 5.328, 3.196, 2, 2),
(139, 140, 'P', 4.958, 2.974, 2, 2),
(139, 356, 'P', 13.172, 7.903, 2, 2),
(139, 382, 'P', 8.14, 4.883, 2, 2),
(140, 141, 'P', 8.14, 4.883, 2, 2),
(141, 142, 'P', 9.62, 5.772, 2, 2),
(142, 143, 'P', 7.4, 4.44, 2, 2),
(143, 144, 'P', 6.808, 4.084, 2, 2),
(144, 145, 'P', 4.81, 2.886, 2, 2),
(144, 147, 'P', 6.364, 3.818, 2, 2),
(145, 146, 'P', 1.998, 1.198, 2, 2),
(145, 366, 'P', 3.404, 2.042, 2, 2),
(146, 367, 'P', 2.886, 1.731, 2, 2),
(147, 148, 'P', 7.4, 4.44, 2, 2),
(147, 152, 'P', 5.994, 3.596, 2, 2),
(148, 149, 'P', 9.472, 5.683, 2, 2),
(149, 150, 'P', 8.288, 4.972, 2, 2),
(150, 356, 'P', 4.958, 2.974, 2, 2),
(151, 209, 'P', 29.008, 17.404, 2, 2),
(151, 356, 'P', 7.77, 4.661, 2, 2),
(152, 153, 'P', 5.328, 3.196, 2, 2),
(153, 154, 'P', 3.034, 1.82, 2, 2),
(154, 155, 'P', 6.734, 4.04, 2, 2),
(155, 156, 'P', 13.246, 7.947, 2, 2),
(155, 357, 'P', 4.292, 2.575, 2, 2),
(156, 157, 'P', 1.998, 1.198, 2, 2),
(156, 158, 'P', 11.84, 7.104, 2, 2),
(157, 375, 'P', 7.4, 4.44, 2, 2),
(158, 159, 'P', 4.218, 2.53, 2, 2),
(158, 160, 'P', 3.108, 1.864, 2, 2),
(160, 161, 'P', 7.4, 4.44, 2, 2),
(161, 162, 'P', 5.18, 3.107, 2, 2),
(161, 163, 'P', 5.328, 3.196, 2, 2),
(163, 164, 'P', 6.512, 3.907, 2, 2),
(164, 165, 'P', 4.81, 2.886, 2, 2),
(164, 358, 'P', 6.586, 3.951, 2, 2),
(165, 166, 'P', 12.21, 7.325, 2, 2),
(166, 167, 'P', 8.14, 4.883, 2, 2),
(167, 168, 'P', 5.106, 3.063, 2, 2),
(168, 169, 'P', 2.59, 1.553, 2, 2),
(169, 170, 'P', 10.73, 6.437, 2, 2),
(169, 207, 'P', 7.622, 4.573, 2, 2),
(169, 383, 'P', 3.626, 2.175, 2, 2),
(170, 171, 'P', 5.106, 3.063, 2, 2),
(171, 172, 'P', 8.14, 4.883, 2, 2),
(172, 173, 'P', 10.952, 6.571, 2, 2),
(173, 174, 'P', 6.068, 3.64, 2, 2),
(174, 175, 'P', 6.66, 3.995, 2, 2),
(174, 358, 'P', 6.734, 4.04, 2, 2),
(175, 176, 'P', 5.328, 3.196, 2, 2),
(176, 177, 'P', 22.126, 13.275, 2, 2),
(177, 178, 'P', 22.052, 13.231, 2, 2),
(177, 378, 'P', 8.658, 5.194, 2, 2),
(178, 179, 'P', 5.328, 3.196, 2, 2),
(179, 180, 'P', 6.66, 3.995, 2, 2),
(179, 192, 'P', 13.32, 7.991, 2, 2),
(180, 181, 'P', 4.81, 2.886, 2, 2),
(181, 182, 'P', 12.062, 7.237, 2, 2),
(182, 183, 'P', 4.958, 2.974, 2, 2),
(182, 187, 'P', 6.66, 3.995, 2, 2),
(183, 184, 'P', 8.362, 5.017, 2, 2),
(183, 187, 'P', 8.30285, 4.981, 2, 2),
(184, 185, 'P', 13.912, 8.347, 2, 2),
(184, 201, 'P', 3.99874, 2.399, 2, 2),
(185, 186, 'P', 8.362, 5.017, 2, 2),
(185, 196, 'P', 9.62, 5.772, 2, 2),
(185, 197, 'P', 2.516, 1.509, 2, 2),
(186, 187, 'P', 8.78483, 5.27, 2, 2),
(186, 365, 'P', 1.78829, 1.072, 2, 2),
(187, 188, 'P', 7.252, 4.351, 2, 2),
(187, 189, 'P', 6.364, 3.818, 2, 2),
(188, 364, 'P', 1.628, 0.976, 2, 2),
(189, 190, 'P', 3.848, 2.308, 2, 2),
(190, 191, 'P', 1.85, 1.11, 2, 2),
(190, 372, 'P', 3.182, 1.909, 2, 2),
(191, 192, 'P', 4.81, 2.886, 2, 2),
(191, 373, 'P', 3.108, 1.864, 2, 2),
(193, 194, 'P', 13.32, 7.991, 2, 2),
(194, 195, 'P', 28.86, 17.315, 2, 2),
(195, 196, 'P', 2.516, 1.509, 2, 2),
(195, 197, 'P', 9.62, 5.772, 2, 2),
(197, 198, 'P', 5.18, 3.107, 2, 2),
(197, 381, 'P', 5.92, 3.552, 2, 2),
(198, 199, 'P', 9.62, 5.772, 2, 2),
(198, 200, 'P', 17.02, 10.212, 2, 2),
(199, 222, 'P', 9.99, 5.994, 2, 2),
(200, 201, 'P', 5.18, 3.107, 2, 2),
(200, 202, 'P', 10.36, 6.215, 2, 2),
(201, 380, 'P', 15.54, 9.323, 2, 2),
(202, 203, 'P', 5.92, 3.552, 2, 2),
(202, 218, 'P', 3.922, 2.353, 2, 2),
(203, 204, 'P', 16.798, 10.078, 2, 2),
(204, 205, 'P', 13.172, 7.903, 2, 2),
(204, 216, 'P', 21.682, 13.009, 2, 2),
(205, 206, 'P', 6.66, 3.995, 2, 2),
(205, 207, 'P', 18.87, 11.322, 2, 2),
(206, 214, 'P', 21.682, 13.009, 2, 2),
(207, 208, 'P', 22.496, 13.497, 2, 2),
(207, 383, 'P', 3.996, 2.397, 2, 2),
(208, 209, 'P', 8.954, 5.372, 2, 2),
(208, 210, 'P', 10.804, 6.482, 2, 2),
(209, 376, 'P', 5.328, 3.196, 2, 2),
(210, 212, 'P', 10.878, 6.526, 2, 2),
(211, 212, 'P', 4.144, 2.486, 2, 2),
(212, 213, 'P', 3.108, 1.864, 2, 2),
(212, 369, 'P', 5.18, 3.107, 2, 2),
(213, 214, 'P', 31.598, 18.958, 2, 2),
(213, 368, 'P', 6.66, 3.995, 2, 2),
(214, 215, 'P', 6.66, 3.995, 2, 2),
(215, 216, 'P', 13.172, 7.903, 2, 2),
(216, 220, 'P', 22.718, 13.63, 2, 2),
(218, 219, 'P', 8.88, 5.327, 2, 2),
(219, 220, 'P', 8.88, 5.327, 2, 2),
(220, 221, 'P', 37, 22.199, 2, 2),
(221, 222, 'P', 11.692, 7.015, 2, 2),
(222, 223, 'P', 3.33, 1.997, 2, 2),
(223, 224, 'P', 2.59, 1.553, 2, 2),
(224, 225, 'P', 2.738, 1.642, 2, 2),
(225, 226, 'P', 4.07, 2.441, 2, 2),
(226, 227, 'P', 2.072, 1.243, 2, 2),
(228, 271, 'P', 3.774, 2.264, 3, 3),
(229, 273, 'P', 3.774, 2.264, 3, 3),
(230, 272, 'P', 4.514, 2.708, 3, 3),
(231, 274, 'P', 4.514, 2.708, 3, 3),
(232, 281, 'P', 4.07, 2.441, 3, 3),
(233, 282, 'P', 4.07, 2.441, 3, 3),
(234, 283, 'P', 4.44, 2.663, 3, 3),
(235, 284, 'P', 4.07, 2.441, 3, 3),
(236, 288, 'P', 2.96, 1.776, 3, 3),
(237, 289, 'P', 3.774, 2.264, 3, 3),
(238, 291, 'P', 3.774, 2.264, 3, 3),
(239, 292, 'P', 3.034, 1.82, 3, 3),
(240, 293, 'P', 3.034, 1.82, 3, 3),
(241, 296, 'P', 3.034, 1.82, 3, 3),
(242, 298, 'P', 3.034, 1.82, 3, 3),
(243, 297, 'P', 2.886, 1.731, 3, 3),
(244, 299, 'P', 2.886, 1.731, 3, 3),
(245, 304, 'P', 3.108, 1.864, 3, 3),
(246, 305, 'P', 3.626, 2.175, 3, 3),
(247, 308, 'P', 3.108, 1.864, 3, 3),
(248, 309, 'P', 3.108, 1.864, 3, 3),
(249, 310, 'P', 3.108, 1.864, 3, 3),
(250, 312, 'P', 2.812, 1.687, 3, 3),
(251, 318, 'P', 2.96, 1.776, 3, 3),
(252, 320, 'P', 2.96, 1.776, 3, 3),
(253, 319, 'P', 5.106, 3.063, 3, 3),
(254, 321, 'P', 5.106, 3.063, 3, 3),
(255, 341, 'P', 4.884, 2.93, 3, 3),
(256, 343, 'P', 3.108, 1.864, 3, 3),
(257, 339, 'P', 4.884, 2.93, 3, 3),
(258, 345, 'P', 6.734, 4.04, 3, 3),
(259, 338, 'P', 4.884, 2.93, 3, 3),
(260, 346, 'P', 6.734, 4.04, 3, 3),
(261, 336, 'P', 4.884, 2.93, 3, 3),
(262, 347, 'P', 6.734, 4.04, 3, 3),
(263, 333, 'P', 4.514, 2.708, 3, 3),
(264, 349, 'P', 6.734, 4.04, 3, 3),
(265, 350, 'P', 6.734, 4.04, 3, 3),
(266, 276, 'P', 10.582, 6.349, 3, 3),
(266, 278, 'P', 3.922, 2.353, 3, 3),
(267, 355, 'P', 4.366, 2.619, 3, 3),
(268, 303, 'P', 3.848, 2.308, 3, 3),
(269, 323, 'P', 10.582, 6.349, 3, 3),
(269, 326, 'P', 3.848, 2.308, 3, 3),
(270, 271, 'P', 5.772, 3.463, 3, 3),
(270, 276, 'P', 12.58, 7.548, 3, 3),
(271, 272, 'P', 6.29, 3.774, 3, 3),
(272, 273, 'P', 8.14, 4.883, 3, 3),
(273, 274, 'P', 6.66, 3.995, 3, 3),
(274, 275, 'P', 3.478, 2.086, 3, 3),
(275, 286, 'P', 8.584, 5.15, 3, 3),
(276, 277, 'P', 4.884, 2.93, 3, 3),
(276, 280, 'P', 12.432, 7.459, 3, 3),
(277, 278, 'P', 1.776, 1.065, 3, 3),
(277, 384, 'P', 3.478, 2.086, 3, 3),
(278, 385, 'P', 3.182, 1.909, 3, 3),
(279, 280, 'P', 5.18, 3.107, 3, 3),
(279, 287, 'P', 11.248, 6.748, 3, 3),
(280, 281, 'P', 5.846, 3.507, 3, 3),
(281, 282, 'P', 6.068, 3.64, 3, 3),
(282, 283, 'P', 8.288, 4.972, 3, 3),
(283, 284, 'P', 6.66, 3.995, 3, 3),
(284, 285, 'P', 3.478, 2.086, 3, 3),
(285, 286, 'P', 16.428, 9.856, 3, 3),
(286, 327, 'P', 7.918, 4.75, 3, 3),
(287, 288, 'P', 2.072, 1.243, 3, 3),
(287, 289, 'P', 5.106, 3.063, 3, 3),
(289, 290, 'P', 6.734, 4.04, 3, 3),
(290, 291, 'P', 9.62, 5.772, 3, 3),
(290, 391, 'P', 8.88, 5.327, 3, 3),
(291, 294, 'P', 12.506, 7.503, 3, 3),
(292, 293, 'P', 6.068, 3.64, 3, 3),
(293, 294, 'P', 8.066, 4.839, 3, 3),
(293, 420, 'P', 4.292, 2.575, 3, 3),
(294, 295, 'P', 5.18, 3.107, 3, 3),
(294, 420, 'P', 3.774, 2.264, 3, 3),
(295, 296, 'P', 5.772, 3.463, 3, 3),
(295, 301, 'P', 13.246, 7.947, 3, 3),
(296, 297, 'P', 6.068, 3.64, 3, 3),
(297, 298, 'P', 5.698, 3.418, 3, 3),
(298, 299, 'P', 4.736, 2.841, 3, 3),
(299, 300, 'P', 7.992, 4.795, 3, 3),
(300, 314, 'P', 9.028, 5.416, 3, 3),
(301, 302, 'P', 4.81, 2.886, 3, 3),
(301, 307, 'P', 13.246, 7.947, 3, 3),
(302, 303, 'P', 1.924, 1.154, 3, 3),
(302, 386, 'P', 3.33, 1.997, 3, 3),
(303, 387, 'P', 3.552, 2.131, 3, 3),
(304, 305, 'P', 4.366, 2.619, 3, 3),
(305, 306, 'P', 3.774, 2.264, 3, 3),
(306, 307, 'P', 5.18, 3.107, 3, 3),
(306, 315, 'P', 22.052, 13.231, 3, 3),
(308, 307, 'P', 6.55558, 3.933, 3, 3),
(308, 309, 'P', 6.142, 3.685, 3, 3),
(309, 310, 'P', 8.732, 5.239, 3, 3),
(310, 311, 'P', 4.366, 2.619, 3, 3),
(311, 312, 'P', 3.034, 1.82, 3, 3),
(311, 313, 'P', 5.254, 3.152, 3, 3),
(313, 314, 'P', 17.464, 10.478, 3, 3),
(314, 332, 'P', 7.992, 4.795, 3, 3),
(315, 316, 'P', 22.126, 13.275, 3, 3),
(315, 394, 'P', 8.88, 5.327, 3, 3),
(316, 317, 'P', 5.18, 3.107, 3, 3),
(317, 318, 'P', 5.772, 3.463, 3, 3),
(317, 323, 'P', 13.246, 7.947, 3, 3),
(318, 319, 'P', 6.142, 3.685, 3, 3),
(319, 320, 'P', 8.288, 4.972, 3, 3),
(320, 321, 'P', 6.66, 3.995, 3, 3),
(321, 322, 'P', 3.404, 2.042, 3, 3),
(322, 325, 'P', 13.246, 7.947, 3, 3),
(323, 324, 'P', 4.81, 2.886, 3, 3),
(324, 326, 'P', 1.924, 1.154, 3, 3),
(324, 388, 'P', 3.108, 1.864, 3, 3),
(325, 340, 'P', 7.992, 4.795, 3, 3),
(325, 396, 'P', 3.774, 2.264, 3, 3),
(326, 389, 'P', 3.33, 1.997, 3, 3),
(327, 328, 'P', 5.328, 3.196, 3, 3),
(328, 329, 'P', 19.314, 11.588, 3, 3),
(328, 390, 'P', 4.218, 2.53, 3, 3),
(329, 330, 'P', 14.874, 8.924, 3, 3),
(329, 354, 'P', 21.608, 12.964, 3, 3),
(330, 331, 'P', 14.652, 8.791, 3, 3),
(330, 392, 'P', 5.476, 3.285, 3, 3),
(331, 332, 'P', 16.502, 9.901, 3, 3),
(331, 351, 'P', 21.608, 12.964, 3, 3),
(332, 333, 'P', 3.108, 1.864, 3, 3),
(333, 334, 'P', 2.22, 1.331, 3, 3),
(334, 335, 'P', 18.944, 11.366, 3, 3),
(334, 393, 'P', 4.218, 2.53, 3, 3),
(335, 336, 'P', 5.624, 3.374, 3, 3),
(335, 348, 'P', 21.608, 12.964, 3, 3),
(336, 337, 'P', 9.62, 5.772, 3, 3),
(337, 338, 'P', 16.502, 9.901, 3, 3),
(337, 395, 'P', 7.992, 4.795, 3, 3),
(338, 339, 'P', 9.25, 5.549, 3, 3),
(339, 340, 'P', 9.62, 5.772, 3, 3),
(340, 341, 'P', 8.14, 4.883, 3, 3),
(340, 396, 'P', 4.218, 2.53, 3, 3),
(341, 342, 'P', 9.028, 5.416, 3, 3),
(342, 343, 'P', 11.174, 6.704, 3, 3),
(343, 344, 'P', 10.434, 6.26, 3, 3),
(344, 345, 'P', 17.908, 10.744, 3, 3),
(345, 346, 'P', 13.32, 7.991, 3, 3),
(346, 347, 'P', 15.91, 9.546, 3, 3),
(347, 348, 'P', 20.646, 12.387, 3, 3),
(348, 349, 'P', 10.434, 6.26, 3, 3),
(349, 350, 'P', 22.94, 13.763, 3, 3),
(350, 351, 'P', 7.4, 4.44, 3, 3),
(351, 352, 'P', 2.442, 1.465, 3, 3),
(352, 353, 'P', 3.256, 1.953, 3, 3),
(352, 397, 'P', 6.216, 3.729, 3, 3),
(353, 355, 'P', 4.292, 2.575, 3, 3),
(353, 398, 'P', 4.366, 2.619, 3, 3),
(354, 355, 'P', 19.536, 11.721, 3, 3),
(356, 382, 'P', 5.032, 3.019, 2, 2),
(358, 359, 'P', 4.81, 2.886, 2, 2),
(359, 360, 'P', 1.85, 1.11, 2, 2),
(359, 370, 'P', 3.404, 2.042, 2, 2),
(360, 371, 'P', 3.256, 1.953, 2, 2),
(362, 363, 'P', 7.03, 4.218, 2, 2),
(364, 365, 'P', 4.218, 2.53, 2, 2),
(366, 384, 'L', 0, 31, NULL, NULL),
(367, 385, 'S', 16.6667, 12, NULL, NULL),
(368, 397, 'L', 0, 36, NULL, NULL),
(369, 398, 'S', 16.6667, 12, NULL, NULL),
(370, 386, 'L', 0, 36, NULL, NULL),
(371, 387, 'S', 16.6667, 12, NULL, NULL),
(372, 389, 'S', 16.6667, 12, NULL, NULL),
(373, 388, 'L', 0, 36, NULL, NULL),
(374, 382, 'P', 3.552, 2.131, 2, 2),
(374, 390, 'S', 16.6667, 12, NULL, NULL),
(375, 391, 'S', 16.6667, 12, NULL, NULL),
(376, 392, 'S', 16.6667, 12, NULL, NULL),
(377, 383, 'P', 3.33, 1.997, 2, 2),
(377, 393, 'S', 16.6667, 12, NULL, NULL),
(378, 394, 'S', 16.6667, 12, NULL, NULL),
(379, 395, 'S', 16.6667, 12, NULL, NULL),
(381, 396, 'S', 16.6667, 12, NULL, NULL),
(399, 400, 'P', 7.178, 4.306, 1, 1),
(400, 401, 'P', 9.546, 5.727, 1, 1),
(400, 402, 'P', 10.212, 6.127, 1, 1),
(403, 404, 'P', 5.55, 3.33, 1, 1),
(405, 413, 'P', 18.352, 11.011, 1, 1),
(407, 414, 'P', 6.808, 4.084, 1, 1),
(408, 414, 'P', 9.028, 5.416, 1, 1),
(411, 416, 'P', 1.332, 0.799, 1, 1),
(412, 418, 'P', 1.11, 0.665, 1, 1),
(419, 420, 'P', 4.07, 2.441, 3, 3);

-- --------------------------------------------------------

--
-- Table structure for table `| path_unit`
--

CREATE ALGORITHM=UNDEFINED DEFINER=`root`@`localhost` SQL SECURITY DEFINER VIEW `hkust_cgs`.`| path_unit` AS select `n1`.`nodeType` AS `AType`,`n1`.`x` AS `A_x`,`n1`.`y` AS `A_y`,`n2`.`nodeType` AS `BType`,`n2`.`x` AS `B_x`,`n2`.`y` AS `B_y`,`p`.`distanceCost` AS `distanceCost`,`p`.`timeCost` AS `timeCost`,`m`.`mapName` AS `mapName`,`n1`.`nodeID` AS `ANodeID`,`n2`.`nodeID` AS `BNodeID` from (((`hkust_cgs`.`node` `n1` join `hkust_cgs`.`node` `n2`) join `hkust_cgs`.`path_unit` `p`) join `hkust_cgs`.`map` `m`) where ((`n1`.`nodeID` = `p`.`nodeID`) and (`n2`.`nodeID` = `p`.`neighborNodeID`) and (`m`.`mapID` = `p`.`mapID`)) order by `m`.`floorID`,`n1`.`x`,`n1`.`y`,`n2`.`x`,`n2`.`y`;

--
-- Dumping data for table `| path_unit`
--

INSERT INTO `| path_unit` (`AType`, `A_x`, `A_y`, `BType`, `B_x`, `B_y`, `distanceCost`, `timeCost`, `mapName`, `ANodeID`, `BNodeID`) VALUES
('X', 270, 395, 'P', 691, 395, 31.154, 18.691, 'Floor G & 1', 3, 28),
('X', 353, 1122, 'P', 818, 1122, 34.41, 20.645, 'Floor G & 1', 2, 25),
('X', 570, 1000, 'P', 818, 1000, 18.352, 11.011, 'Floor G & 1', 405, 413),
('P', 691, 395, 'P', 691, 197, 14.652, 8.791, 'Floor G & 1', 28, 401),
('P', 691, 395, 'P', 958, 395, 19.758, 11.854, 'Floor G & 1', 28, 29),
('P', 691, 758, 'P', 691, 395, 26.862, 16.116, 'Floor G & 1', 27, 28),
('X', 818, 758, 'P', 691, 758, 9.398, 5.638, 'Floor G & 1', 26, 27),
('X', 818, 758, 'P', 818, 1000, 17.908, 10.744, 'Floor G & 1', 26, 413),
('X', 818, 758, 'P', 958, 758, 10.36, 6.215, 'Floor G & 1', 26, 31),
('P', 818, 1122, 'X', 818, 758, 26.936, 16.16, 'Floor G & 1', 25, 26),
('P', 818, 1122, 'P', 818, 1000, 9.028, 5.416, 'Floor G & 1', 25, 413),
('X', 818, 1380, 'P', 818, 1122, 19.092, 11.455, 'Floor G & 1', 24, 25),
('X', 818, 1925, 'X', 818, 1380, 40.33, 24.197, 'Floor G & 1', 1, 24),
('X', 820, 100, 'P', 820, 197, 7.178, 4.306, 'Floor G & 1', 399, 400),
('P', 820, 197, 'P', 691, 197, 9.546, 5.727, 'Floor G & 1', 400, 401),
('P', 820, 197, 'P', 958, 197, 10.212, 6.127, 'Floor G & 1', 400, 402),
('P', 958, 310, 'P', 958, 197, 8.362, 5.017, 'Floor G & 1', 30, 402),
('P', 958, 395, 'P', 958, 310, 6.29, 3.773, 'Floor G & 1', 29, 30),
('P', 958, 395, 'P', 958, 758, 26.862, 16.116, 'Floor G & 1', 29, 31),
('P', 958, 758, 'P', 1155, 758, 14.578, 8.746, 'Floor G & 1', 31, 91),
('X', 1155, 610, 'P', 1155, 758, 10.952, 6.57, 'Floor G & 1', 5, 91),
('X', 1330, 310, 'P', 958, 310, 27.528, 16.516, 'Floor G & 1', 4, 30),
('P', 1330, 455, 'L', 1380, 455, 3.7, 2.22, 'Floor G & 1', 36, 37),
('P', 1330, 535, 'L', 1280, 535, 3.7, 2.22, 'Floor G & 1', 35, 38),
('P', 1330, 535, 'P', 1330, 455, 5.92, 3.552, 'Floor G & 1', 35, 36),
('P', 1330, 535, 'P', 1330, 610, 5.55, 3.33, 'Floor G & 1', 35, 92),
('X', 1380, 535, 'P', 1330, 535, 3.699, 2.22, 'Floor G & 1', 8, 35),
('P', 1457, 610, 'P', 1330, 610, 9.398, 5.638, 'Floor G & 1', 34, 92),
('P', 1457, 758, 'P', 1155, 758, 22.348, 13.408, 'Floor G & 1', 33, 91),
('P', 1457, 758, 'P', 1457, 610, 10.952, 6.57, 'Floor G & 1', 33, 34),
('P', 1457, 758, 'P', 1522, 758, 4.81, 2.885, 'Floor G & 1', 33, 39),
('X', 1522, 610, 'P', 1457, 610, 4.81, 2.885, 'Floor G & 1', 7, 34),
('P', 1522, 758, 'X', 1522, 880, 9.028, 5.416, 'Floor G & 1', 39, 406),
('P', 1522, 758, 'P', 1580, 758, 4.292, 2.575, 'Floor G & 1', 39, 414),
('P', 1522, 758, 'P', 1710, 758, 13.911, 8.346, 'Floor G & 1', 39, 40),
('X', 1522, 1060, 'P', 1522, 758, 22.348, 13.408, 'Floor G & 1', 6, 39),
('X', 1522, 1060, 'X', 1522, 880, 13.32, 7.991, 'Floor G & 1', 6, 406),
('X', 1580, 666, 'P', 1580, 758, 6.808, 4.084, 'Floor G & 1', 407, 414),
('X', 1580, 880, 'P', 1580, 758, 9.028, 5.416, 'Floor G & 1', 408, 414),
('P', 1710, 758, 'P', 1580, 758, 9.62, 5.772, 'Floor G & 1', 40, 414),
('P', 1710, 758, 'P', 1710, 1250, 36.408, 21.844, 'Floor G & 1', 40, 81),
('P', 1710, 758, 'X', 1850, 758, 10.36, 6.215, 'Floor G & 1', 40, 41),
('P', 1710, 1250, 'P', 1920, 1250, 15.54, 9.323, 'Floor G & 1', 81, 82),
('X', 1850, 758, 'L', 1850, 855, 7.178, 4.306, 'Floor G & 1', 41, 90),
('X', 1850, 758, 'P', 1900, 758, 3.699, 2.22, 'Floor G & 1', 41, 42),
('P', 1852, 370, 'L', 1852, 454, 6.216, 3.729, 'Floor G & 1', 79, 80),
('P', 1900, 758, 'P', 2075, 758, 12.95, 7.77, 'Floor G & 1', 42, 43),
('X', 1900, 1060, 'P', 1900, 758, 22.348, 13.408, 'Floor G & 1', 20, 42),
('P', 1920, 1250, 'P', 1980, 1250, 4.439, 2.663, 'Floor G & 1', 82, 83),
('X', 1920, 1320, 'P', 1920, 1250, 5.18, 3.107, 'Floor G & 1', 21, 82),
('P', 1980, 1250, 'L', 1980, 1320, 5.18, 3.107, 'Floor G & 1', 83, 84),
('P', 1980, 1250, 'P', 2030, 1250, 3.699, 2.22, 'Floor G & 1', 83, 85),
('P', 2027, 333, 'P', 2027, 370, 2.738, 1.642, 'Floor G & 1', 77, 78),
('P', 2027, 370, 'P', 1852, 370, 12.95, 7.77, 'Floor G & 1', 78, 79),
('P', 2030, 1250, 'L', 2030, 1345, 7.029, 4.217, 'Floor G & 1', 85, 86),
('P', 2030, 1250, 'P', 2075, 1250, 3.329, 1.997, 'Floor G & 1', 85, 87),
('P', 2075, 758, 'P', 2075, 696, 4.588, 2.752, 'Floor G & 1', 43, 404),
('P', 2075, 758, 'P', 2075, 1250, 36.408, 21.844, 'Floor G & 1', 43, 87),
('P', 2075, 758, 'P', 2245, 758, 12.58, 7.547, 'Floor G & 1', 43, 44),
('P', 2075, 1250, 'P', 2608, 1250, 39.442, 23.665, 'Floor G & 1', 87, 88),
('X', 2150, 696, 'P', 2075, 696, 5.55, 3.33, 'Floor G & 1', 403, 404),
('X', 2198, 162, 'P', 2198, 333, 12.654, 7.591, 'Floor G & 1', 9, 76),
('P', 2198, 333, 'P', 2027, 333, 12.654, 7.591, 'Floor G & 1', 76, 77),
('P', 2245, 758, 'X', 2245, 900, 10.508, 6.304, 'Floor G & 1', 44, 409),
('P', 2245, 758, 'P', 2370, 758, 9.25, 5.549, 'Floor G & 1', 44, 45),
('X', 2245, 1060, 'P', 2245, 758, 22.348, 13.408, 'Floor G & 1', 19, 44),
('X', 2245, 1060, 'X', 2245, 900, 11.84, 7.104, 'Floor G & 1', 19, 409),
('P', 2370, 333, 'P', 2198, 333, 12.728, 7.636, 'Floor G & 1', 71, 76),
('P', 2370, 333, 'P', 2370, 455, 9.027, 5.416, 'Floor G & 1', 71, 72),
('P', 2370, 455, 'P', 2370, 530, 5.55, 3.33, 'Floor G & 1', 72, 74),
('P', 2370, 455, 'L', 2415, 455, 3.33, 1.997, 'Floor G & 1', 72, 73),
('P', 2370, 530, 'L', 2315, 530, 4.07, 2.441, 'Floor G & 1', 74, 75),
('P', 2370, 758, 'P', 2370, 530, 16.872, 10.122, 'Floor G & 1', 45, 74),
('P', 2370, 758, 'L', 2370, 855, 7.178, 4.306, 'Floor G & 1', 45, 47),
('P', 2370, 758, 'P', 2488, 758, 8.732, 5.239, 'Floor G & 1', 45, 46),
('X', 2415, 530, 'P', 2370, 530, 3.329, 1.997, 'Floor G & 1', 23, 74),
('X', 2488, 610, 'P', 2488, 758, 10.952, 6.57, 'Floor G & 1', 22, 46),
('P', 2488, 758, 'P', 2488, 855, 7.178, 4.306, 'Floor G & 1', 46, 48),
('P', 2488, 855, 'P', 2608, 855, 8.88, 5.327, 'Floor G & 1', 48, 49),
('X', 2488, 1060, 'P', 2488, 855, 15.17, 9.101, 'Floor G & 1', 18, 48),
('X', 2542, 162, 'P', 2542, 333, 12.654, 7.591, 'Floor G & 1', 10, 70),
('P', 2542, 333, 'P', 2370, 333, 12.728, 7.636, 'Floor G & 1', 70, 71),
('X', 2590, 977, 'P', 2608, 977, 1.332, 0.799, 'Floor G & 1', 411, 416),
('P', 2608, 855, 'X', 2608, 800, 4.07, 2.441, 'Floor G & 1', 49, 410),
('P', 2608, 855, 'P', 2608, 977, 9.028, 5.416, 'Floor G & 1', 49, 416),
('P', 2608, 855, 'P', 2608, 1250, 29.229, 17.537, 'Floor G & 1', 49, 88),
('P', 2608, 855, 'P', 2773, 855, 12.21, 7.325, 'Floor G & 1', 49, 50),
('P', 2608, 1250, 'P', 2608, 977, 20.202, 12.121, 'Floor G & 1', 88, 416),
('P', 2608, 1250, 'P', 3095, 1250, 36.038, 21.622, 'Floor G & 1', 88, 89),
('P', 2773, 855, 'P', 2773, 918, 4.662, 2.796, 'Floor G & 1', 50, 51),
('P', 2773, 855, 'P', 2883, 855, 8.139, 4.883, 'Floor G & 1', 50, 52),
('X', 2773, 1060, 'P', 2773, 918, 10.508, 6.304, 'Floor G & 1', 17, 51),
('P', 2883, 333, 'P', 2542, 333, 25.234, 15.139, 'Floor G & 1', 68, 70),
('P', 2883, 333, 'L', 2883, 455, 9.028, 5.416, 'Floor G & 1', 68, 69),
('P', 2883, 855, 'L', 2883, 758, 7.178, 4.306, 'Floor G & 1', 52, 54),
('P', 2883, 855, 'P', 2883, 918, 4.662, 2.796, 'Floor G & 1', 52, 53),
('P', 2883, 855, 'L', 2980, 855, 7.178, 4.306, 'Floor G & 1', 52, 55),
('P', 2883, 918, 'P', 2980, 918, 7.178, 4.306, 'Floor G & 1', 53, 56),
('P', 2980, 918, 'P', 3056, 918, 5.624, 3.374, 'Floor G & 1', 56, 418),
('P', 2980, 918, 'P', 3095, 918, 8.51, 5.105, 'Floor G & 1', 56, 57),
('X', 2980, 1060, 'P', 2980, 918, 10.508, 6.304, 'Floor G & 1', 16, 56),
('X', 3056, 933, 'P', 3056, 918, 1.11, 0.665, 'Floor G & 1', 412, 418),
('P', 3095, 918, 'P', 3056, 918, 2.886, 1.731, 'Floor G & 1', 57, 418),
('P', 3095, 918, 'P', 3095, 1250, 24.567, 14.739, 'Floor G & 1', 57, 89),
('P', 3095, 918, 'P', 3150, 918, 4.069, 2.441, 'Floor G & 1', 57, 58),
('P', 3150, 333, 'P', 2883, 333, 19.758, 11.854, 'Floor G & 1', 62, 68),
('P', 3150, 333, 'P', 3235, 333, 6.29, 3.773, 'Floor G & 1', 62, 63),
('P', 3150, 395, 'P', 3150, 333, 4.588, 2.752, 'Floor G & 1', 61, 62),
('P', 3150, 532, 'P', 3150, 395, 10.138, 6.082, 'Floor G & 1', 60, 61),
('P', 3150, 758, 'P', 3150, 532, 16.724, 10.034, 'Floor G & 1', 59, 60),
('P', 3150, 918, 'P', 3150, 758, 11.84, 7.103, 'Floor G & 1', 58, 59),
('X', 3235, 162, 'P', 3235, 333, 12.654, 7.591, 'Floor G & 1', 11, 63),
('P', 3235, 333, 'P', 3396, 333, 11.914, 7.148, 'Floor G & 1', 63, 64),
('X', 3235, 395, 'P', 3150, 395, 6.29, 3.773, 'Floor G & 1', 12, 61),
('X', 3235, 532, 'P', 3150, 532, 6.29, 3.773, 'Floor G & 1', 13, 60),
('X', 3235, 758, 'P', 3150, 758, 6.29, 3.773, 'Floor G & 1', 14, 59),
('P', 3396, 333, 'P', 3396, 465, 9.767, 5.86, 'Floor G & 1', 64, 65),
('P', 3396, 465, 'L', 3350, 465, 3.404, 2.041, 'Floor G & 1', 65, 66),
('P', 3396, 465, 'P', 3396, 488, 1.702, 1.02, 'Floor G & 1', 65, 93),
('X', 3396, 540, 'P', 3396, 488, 3.848, 2.308, 'Floor G & 1', 15, 93),
('L', 3445, 488, 'P', 3396, 488, 3.626, 2.175, 'Floor G & 1', 67, 93),
('X', 95, 295, 'P', 185, 295, 6.66, 3.995, 'Floor 2', 94, 142),
('X', 95, 425, 'P', 185, 425, 6.66, 3.995, 'Floor 2', 95, 141),
('X', 95, 535, 'P', 185, 535, 6.66, 3.995, 'Floor 2', 96, 140),
('X', 95, 602, 'P', 185, 602, 6.66, 3.995, 'Floor 2', 97, 139),
('P', 185, 195, 'P', 277, 195, 6.808, 4.084, 'Floor 2', 143, 144),
('P', 185, 295, 'P', 185, 195, 7.4, 4.44, 'Floor 2', 142, 143),
('P', 185, 425, 'P', 185, 295, 9.62, 5.772, 'Floor 2', 141, 142),
('P', 185, 535, 'P', 185, 425, 8.14, 4.883, 'Floor 2', 140, 141),
('P', 185, 602, 'P', 185, 535, 4.958, 2.974, 'Floor 2', 139, 140),
('P', 185, 602, 'P', 295, 602, 8.14, 4.883, 'Floor 2', 139, 382),
('P', 185, 602, 'P', 363, 602, 13.172, 7.903, 'Floor 2', 139, 356),
('P', 277, 195, 'P', 277, 260, 4.81, 2.886, 'Floor 2', 144, 145),
('P', 277, 195, 'P', 363, 195, 6.364, 3.818, 'Floor 2', 144, 147),
('P', 277, 260, 'P', 277, 287, 1.998, 1.198, 'Floor 2', 145, 146),
('P', 277, 260, 'L', 323, 260, 3.404, 2.042, 'Floor 2', 145, 366),
('P', 277, 287, 'L', 238, 287, 2.886, 1.731, 'Floor 2', 146, 367),
('X', 277, 338, 'P', 277, 287, 3.774, 2.264, 'Floor 2', 98, 146),
('L', 295, 650, 'P', 295, 602, 3.552, 2.131, 'Floor 2', 374, 382),
('P', 363, 195, 'P', 363, 295, 7.4, 4.44, 'Floor 2', 147, 148),
('P', 363, 195, 'P', 444, 195, 5.994, 3.596, 'Floor 2', 147, 152),
('P', 363, 295, 'P', 363, 423, 9.472, 5.683, 'Floor 2', 148, 149),
('P', 363, 423, 'P', 363, 535, 8.288, 4.972, 'Floor 2', 149, 150),
('P', 363, 535, 'P', 363, 602, 4.958, 2.974, 'Floor 2', 150, 356),
('P', 363, 602, 'P', 295, 602, 5.032, 3.019, 'Floor 2', 356, 382),
('P', 363, 707, 'P', 363, 602, 7.77, 4.661, 'Floor 2', 151, 356),
('P', 363, 707, 'P', 755, 707, 29.008, 17.404, 'Floor 2', 151, 209),
('P', 444, 123, 'P', 485, 123, 3.034, 1.82, 'Floor 2', 153, 154),
('P', 444, 195, 'P', 444, 123, 5.328, 3.196, 'Floor 2', 152, 153),
('X', 460, 295, 'P', 363, 295, 7.178, 4.306, 'Floor 2', 99, 148),
('X', 460, 423, 'P', 363, 423, 7.178, 4.306, 'Floor 2', 100, 149),
('X', 460, 535, 'P', 363, 535, 7.178, 4.306, 'Floor 2', 101, 150),
('X', 460, 602, 'P', 363, 602, 7.178, 4.306, 'Floor 2', 102, 356),
('X', 485, 65, 'P', 485, 123, 4.292, 2.575, 'Floor 2', 103, 154),
('P', 485, 123, 'P', 576, 123, 6.734, 4.04, 'Floor 2', 154, 155),
('X', 545, 65, 'P', 576, 65, 2.294, 1.376, 'Floor 2', 104, 357),
('P', 576, 123, 'P', 576, 65, 4.292, 2.575, 'Floor 2', 155, 357),
('P', 576, 123, 'P', 755, 123, 13.246, 7.947, 'Floor 2', 155, 156),
('P', 755, 123, 'P', 755, 150, 1.998, 1.198, 'Floor 2', 156, 157),
('P', 755, 123, 'P', 915, 123, 11.84, 7.104, 'Floor 2', 156, 158),
('P', 755, 150, 'L', 755, 250, 7.4, 4.44, 'Floor 2', 157, 375),
('P', 755, 707, 'L', 755, 635, 5.328, 3.196, 'Floor 2', 209, 376),
('X', 815, 150, 'P', 755, 150, 4.44, 2.663, 'Floor 2', 107, 157),
('P', 820, 1000, 'P', 876, 1000, 4.144, 2.486, 'Floor 2', 211, 212),
('X', 820, 1070, 'P', 820, 1000, 5.18, 3.107, 'Floor 2', 117, 211),
('P', 876, 707, 'P', 755, 707, 8.954, 5.372, 'Floor 2', 208, 209),
('P', 876, 707, 'P', 876, 853, 10.804, 6.482, 'Floor 2', 208, 210),
('P', 876, 853, 'P', 876, 1000, 10.878, 6.526, 'Floor 2', 210, 212),
('P', 876, 1000, 'L', 876, 1070, 5.18, 3.107, 'Floor 2', 212, 369),
('P', 876, 1000, 'P', 918, 1000, 3.108, 1.864, 'Floor 2', 212, 213),
('X', 885, 180, 'P', 915, 180, 2.22, 1.331, 'Floor 2', 108, 159),
('P', 915, 123, 'P', 915, 180, 4.218, 2.53, 'Floor 2', 158, 159),
('P', 915, 123, 'P', 957, 123, 3.108, 1.864, 'Floor 2', 158, 160),
('P', 918, 1000, 'L', 918, 1090, 6.66, 3.995, 'Floor 2', 213, 368),
('P', 918, 1000, 'P', 1345, 1000, 31.598, 18.958, 'Floor 2', 213, 214),
('X', 925, 853, 'P', 876, 853, 3.626, 2.175, 'Floor 2', 116, 210),
('X', 957, 63, 'P', 957, 123, 4.44, 2.663, 'Floor 2', 105, 160),
('P', 957, 123, 'P', 1057, 123, 7.4, 4.44, 'Floor 2', 160, 161),
('X', 1015, 53, 'P', 1057, 53, 3.108, 1.864, 'Floor 2', 106, 162),
('P', 1057, 123, 'P', 1057, 53, 5.18, 3.107, 'Floor 2', 161, 162),
('P', 1057, 123, 'P', 1057, 195, 5.328, 3.196, 'Floor 2', 161, 163),
('P', 1057, 195, 'P', 1145, 195, 6.512, 3.907, 'Floor 2', 163, 164),
('X', 1057, 260, 'P', 1145, 260, 6.512, 3.907, 'Floor 2', 109, 165),
('X', 1057, 425, 'P', 1145, 425, 6.512, 3.907, 'Floor 2', 110, 166),
('X', 1057, 535, 'P', 1145, 535, 6.512, 3.907, 'Floor 2', 111, 167),
('P', 1145, 195, 'P', 1145, 260, 4.81, 2.886, 'Floor 2', 164, 165),
('P', 1145, 195, 'P', 1234, 195, 6.586, 3.951, 'Floor 2', 164, 358),
('P', 1145, 260, 'P', 1145, 425, 12.21, 7.325, 'Floor 2', 165, 166),
('P', 1145, 425, 'P', 1145, 535, 8.14, 4.883, 'Floor 2', 166, 167),
('P', 1145, 535, 'P', 1145, 604, 5.106, 3.063, 'Floor 2', 167, 168),
('P', 1145, 604, 'P', 1180, 604, 2.59, 1.553, 'Floor 2', 168, 169),
('P', 1180, 604, 'P', 1180, 653, 3.626, 2.175, 'Floor 2', 169, 383),
('P', 1180, 604, 'P', 1180, 707, 7.622, 4.573, 'Floor 2', 169, 207),
('P', 1180, 604, 'P', 1325, 604, 10.73, 6.437, 'Floor 2', 169, 170),
('P', 1180, 707, 'P', 876, 707, 22.496, 13.497, 'Floor 2', 207, 208),
('P', 1180, 707, 'P', 1180, 653, 3.996, 2.397, 'Floor 2', 207, 383),
('X', 1180, 780, 'P', 1180, 707, 5.402, 3.241, 'Floor 2', 118, 207),
('L', 1225, 653, 'P', 1180, 653, 3.33, 1.997, 'Floor 2', 377, 383),
('P', 1234, 195, 'P', 1234, 260, 4.81, 2.886, 'Floor 2', 358, 359),
('P', 1234, 260, 'P', 1234, 285, 1.85, 1.11, 'Floor 2', 359, 360),
('P', 1234, 260, 'L', 1280, 260, 3.404, 2.042, 'Floor 2', 359, 370),
('P', 1234, 285, 'L', 1190, 285, 3.256, 1.953, 'Floor 2', 360, 371),
('X', 1234, 335, 'P', 1234, 285, 3.7, 2.22, 'Floor 2', 112, 360),
('P', 1325, 195, 'P', 1234, 195, 6.734, 4.04, 'Floor 2', 174, 358),
('P', 1325, 195, 'P', 1415, 195, 6.66, 3.995, 'Floor 2', 174, 175),
('P', 1325, 277, 'P', 1325, 195, 6.068, 3.64, 'Floor 2', 173, 174),
('P', 1325, 425, 'P', 1325, 277, 10.952, 6.571, 'Floor 2', 172, 173),
('P', 1325, 535, 'P', 1325, 425, 8.14, 4.883, 'Floor 2', 171, 172),
('P', 1325, 604, 'P', 1325, 535, 5.106, 3.063, 'Floor 2', 170, 171),
('P', 1345, 707, 'P', 1345, 1000, 21.682, 13.009, 'Floor 2', 206, 214),
('P', 1345, 1000, 'P', 1435, 1000, 6.66, 3.995, 'Floor 2', 214, 215),
('P', 1415, 123, 'P', 1714, 123, 22.126, 13.275, 'Floor 2', 176, 177),
('P', 1415, 195, 'P', 1415, 123, 5.328, 3.196, 'Floor 2', 175, 176),
('X', 1415, 277, 'P', 1325, 277, 6.66, 3.995, 'Floor 2', 113, 173),
('X', 1415, 425, 'P', 1325, 425, 6.66, 3.995, 'Floor 2', 114, 172),
('X', 1415, 535, 'P', 1325, 535, 6.66, 3.995, 'Floor 2', 115, 171),
('P', 1435, 707, 'P', 1180, 707, 18.87, 11.322, 'Floor 2', 205, 207),
('P', 1435, 707, 'P', 1345, 707, 6.66, 3.995, 'Floor 2', 205, 206),
('X', 1435, 780, 'P', 1435, 707, 5.402, 3.241, 'Floor 2', 119, 205),
('X', 1435, 920, 'P', 1435, 1000, 5.92, 3.552, 'Floor 2', 120, 215),
('P', 1435, 1000, 'P', 1613, 1000, 13.172, 7.903, 'Floor 2', 215, 216),
('P', 1613, 707, 'P', 1435, 707, 13.172, 7.903, 'Floor 2', 204, 205),
('P', 1613, 707, 'P', 1613, 1000, 21.682, 13.009, 'Floor 2', 204, 216),
('P', 1613, 1000, 'P', 1920, 1000, 22.718, 13.63, 'Floor 2', 216, 220),
('P', 1714, 123, 'L', 1714, 240, 8.658, 5.194, 'Floor 2', 177, 378),
('P', 1714, 123, 'P', 2012, 123, 22.052, 13.231, 'Floor 2', 177, 178),
('P', 1840, 707, 'P', 1613, 707, 16.798, 10.078, 'Floor 2', 203, 204),
('X', 1840, 850, 'P', 1840, 707, 10.582, 6.349, 'Floor 2', 121, 203),
('P', 1920, 707, 'P', 1840, 707, 5.92, 3.552, 'Floor 2', 202, 203),
('P', 1920, 707, 'P', 1920, 760, 3.922, 2.353, 'Floor 2', 202, 218),
('P', 1920, 760, 'P', 1920, 880, 8.88, 5.327, 'Floor 2', 218, 219),
('P', 1920, 880, 'P', 1920, 1000, 8.88, 5.327, 'Floor 2', 219, 220),
('P', 1920, 1000, 'P', 2420, 1000, 37, 22.199, 'Floor 2', 220, 221),
('X', 1950, 760, 'P', 1920, 760, 2.22, 1.331, 'Floor 2', 122, 218),
('X', 1950, 880, 'P', 1920, 880, 2.22, 1.331, 'Floor 2', 123, 219),
('X', 1970, 350, 'P', 2042, 350, 5.328, 3.196, 'Floor 2', 136, 361),
('X', 1970, 460, 'P', 2042, 460, 5.328, 3.196, 'Floor 2', 137, 362),
('X', 1970, 555, 'P', 2042, 555, 5.328, 3.196, 'Floor 2', 138, 363),
('X', 2000, 260, 'P', 2102, 260, 7.548, 4.528, 'Floor 2', 134, 181),
('P', 2012, 123, 'P', 2012, 195, 5.328, 3.196, 'Floor 2', 178, 179),
('P', 2012, 195, 'P', 2102, 195, 6.66, 3.995, 'Floor 2', 179, 180),
('P', 2012, 195, 'P', 2192, 195, 13.32, 7.991, 'Floor 2', 179, 192),
('X', 2042, 423, 'P', 2042, 350, 5.402, 3.241, 'Floor 2', 135, 361),
('X', 2042, 423, 'P', 2042, 460, 2.738, 1.642, 'Floor 2', 135, 362),
('X', 2042, 423, 'P', 2102, 423, 4.44, 2.663, 'Floor 2', 135, 182),
('P', 2042, 460, 'P', 2042, 555, 7.03, 4.218, 'Floor 2', 362, 363),
('P', 2060, 637, 'L', 1850, 637, 15.54, 9.323, 'Floor 2', 201, 380),
('P', 2060, 707, 'P', 1920, 707, 10.36, 6.215, 'Floor 2', 200, 202),
('P', 2060, 707, 'P', 2060, 637, 5.18, 3.107, 'Floor 2', 200, 201),
('P', 2102, 195, 'P', 2102, 260, 4.81, 2.886, 'Floor 2', 180, 181),
('P', 2102, 260, 'P', 2102, 423, 12.062, 7.237, 'Floor 2', 181, 182),
('P', 2102, 423, 'P', 2102, 490, 4.958, 2.974, 'Floor 2', 182, 183),
('P', 2102, 423, 'P', 2192, 423, 6.66, 3.995, 'Floor 2', 182, 187),
('P', 2102, 490, 'P', 2102, 603, 8.362, 5.017, 'Floor 2', 183, 184),
('P', 2102, 490, 'P', 2192, 423, 8.30285, 4.981, 'Floor 2', 183, 187),
('P', 2102, 603, 'P', 2060, 637, 3.99874, 2.399, 'Floor 2', 184, 201),
('P', 2102, 603, 'P', 2290, 603, 13.912, 8.347, 'Floor 2', 184, 185),
('X', 2150, 337, 'P', 2192, 337, 3.108, 1.864, 'Floor 2', 133, 189),
('P', 2192, 260, 'L', 2150, 260, 3.108, 1.864, 'Floor 2', 191, 373),
('P', 2192, 260, 'P', 2192, 195, 4.81, 2.886, 'Floor 2', 191, 192),
('P', 2192, 285, 'P', 2192, 260, 1.85, 1.11, 'Floor 2', 190, 191),
('P', 2192, 285, 'L', 2235, 285, 3.182, 1.909, 'Floor 2', 190, 372),
('P', 2192, 337, 'P', 2192, 285, 3.848, 2.308, 'Floor 2', 189, 190),
('P', 2192, 423, 'P', 2192, 337, 6.364, 3.818, 'Floor 2', 187, 189),
('P', 2192, 423, 'P', 2290, 423, 7.252, 4.351, 'Floor 2', 187, 188),
('X', 2220, 785, 'P', 2220, 842, 4.218, 2.53, 'Floor 2', 126, 227),
('P', 2248, 842, 'P', 2220, 842, 2.072, 1.243, 'Floor 2', 226, 227),
('X', 2248, 920, 'P', 2248, 842, 5.772, 3.463, 'Floor 2', 124, 226),
('P', 2268, 423, 'P', 2268, 480, 4.218, 2.53, 'Floor 2', 364, 365),
('X', 2290, 350, 'P', 2290, 423, 5.402, 3.241, 'Floor 2', 131, 188),
('P', 2290, 423, 'P', 2268, 423, 1.628, 0.976, 'Floor 2', 188, 364),
('P', 2290, 490, 'P', 2192, 423, 8.78483, 5.27, 'Floor 2', 186, 187),
('P', 2290, 490, 'P', 2268, 480, 1.78829, 1.072, 'Floor 2', 186, 365),
('P', 2290, 603, 'P', 2290, 490, 8.362, 5.017, 'Floor 2', 185, 186),
('P', 2290, 603, 'P', 2290, 637, 2.516, 1.509, 'Floor 2', 185, 197),
('P', 2290, 603, 'P', 2420, 603, 9.62, 5.772, 'Floor 2', 185, 196),
('P', 2290, 637, 'L', 2210, 637, 5.92, 3.552, 'Floor 2', 197, 381),
('P', 2290, 637, 'P', 2290, 707, 5.18, 3.107, 'Floor 2', 197, 198),
('P', 2290, 707, 'P', 2060, 707, 17.02, 10.212, 'Floor 2', 198, 200),
('P', 2290, 707, 'P', 2420, 707, 9.62, 5.772, 'Floor 2', 198, 199),
('X', 2303, 785, 'P', 2303, 842, 4.218, 2.53, 'Floor 2', 127, 225),
('P', 2303, 842, 'P', 2248, 842, 4.07, 2.441, 'Floor 2', 225, 226),
('X', 2340, 423, 'P', 2290, 423, 3.7, 2.22, 'Floor 2', 132, 188),
('P', 2340, 842, 'P', 2303, 842, 2.738, 1.642, 'Floor 2', 224, 225),
('X', 2340, 920, 'P', 2340, 842, 5.772, 3.463, 'Floor 2', 125, 224),
('X', 2375, 785, 'P', 2375, 842, 4.218, 2.53, 'Floor 2', 128, 223),
('P', 2375, 842, 'P', 2340, 842, 2.59, 1.553, 'Floor 2', 223, 224),
('P', 2420, 637, 'P', 2290, 637, 9.62, 5.772, 'Floor 2', 195, 197),
('P', 2420, 637, 'P', 2420, 603, 2.516, 1.509, 'Floor 2', 195, 196),
('P', 2420, 707, 'P', 2420, 842, 9.99, 5.994, 'Floor 2', 199, 222),
('P', 2420, 842, 'P', 2375, 842, 3.33, 1.997, 'Floor 2', 222, 223),
('P', 2420, 1000, 'P', 2420, 842, 11.692, 7.015, 'Floor 2', 221, 222),
('P', 2810, 637, 'P', 2420, 637, 28.86, 17.315, 'Floor 2', 194, 195),
('X', 2810, 830, 'P', 2810, 637, 14.282, 8.569, 'Floor 2', 130, 194),
('X', 2990, 288, 'P', 2990, 637, 25.826, 15.495, 'Floor 2', 129, 193),
('P', 2990, 637, 'P', 2810, 637, 13.32, 7.991, 'Floor 2', 193, 194),
('X', 56, 435, 'P', 107, 435, 3.774, 2.264, 'Floor 3', 228, 271),
('X', 56, 630, 'P', 107, 630, 3.774, 2.264, 'Floor 3', 229, 273),
('P', 107, 357, 'P', 107, 435, 5.772, 3.463, 'Floor 3', 270, 271),
('P', 107, 357, 'P', 277, 357, 12.58, 7.548, 'Floor 3', 270, 276),
('P', 107, 435, 'P', 107, 520, 6.29, 3.774, 'Floor 3', 271, 272),
('P', 107, 520, 'P', 107, 630, 8.14, 4.883, 'Floor 3', 272, 273),
('P', 107, 630, 'P', 107, 720, 6.66, 3.995, 'Floor 3', 273, 274),
('P', 107, 720, 'P', 107, 767, 3.478, 2.086, 'Floor 3', 274, 275),
('P', 107, 767, 'P', 223, 767, 8.584, 5.15, 'Floor 3', 275, 286),
('X', 168, 520, 'P', 107, 520, 4.514, 2.708, 'Floor 3', 230, 272),
('X', 168, 720, 'P', 107, 720, 4.514, 2.708, 'Floor 3', 231, 274),
('P', 223, 767, 'P', 223, 874, 7.918, 4.75, 'Floor 3', 286, 327),
('P', 223, 874, 'P', 295, 874, 5.328, 3.196, 'Floor 3', 327, 328),
('P', 277, 357, 'P', 277, 423, 4.884, 2.93, 'Floor 3', 276, 277),
('P', 277, 357, 'P', 445, 357, 12.432, 7.459, 'Floor 3', 276, 280),
('P', 277, 423, 'P', 277, 447, 1.776, 1.065, 'Floor 3', 277, 278),
('P', 277, 423, 'L', 324, 423, 3.478, 2.086, 'Floor 3', 277, 384),
('P', 277, 447, 'L', 234, 447, 3.182, 1.909, 'Floor 3', 278, 385),
('X', 277, 500, 'P', 277, 357, 10.582, 6.349, 'Floor 3', 266, 276),
('X', 277, 500, 'P', 277, 447, 3.922, 2.353, 'Floor 3', 266, 278),
('P', 295, 874, 'L', 295, 817, 4.218, 2.53, 'Floor 3', 328, 390),
('P', 295, 874, 'P', 556, 874, 19.314, 11.588, 'Floor 3', 328, 329),
('X', 385, 630, 'P', 445, 630, 4.44, 2.663, 'Floor 3', 234, 283),
('P', 445, 287, 'P', 445, 357, 5.18, 3.107, 'Floor 3', 279, 280),
('P', 445, 287, 'P', 597, 287, 11.248, 6.748, 'Floor 3', 279, 287),
('P', 445, 357, 'P', 445, 436, 5.846, 3.507, 'Floor 3', 280, 281),
('P', 445, 436, 'P', 445, 518, 6.068, 3.64, 'Floor 3', 281, 282),
('P', 445, 518, 'P', 445, 630, 8.288, 4.972, 'Floor 3', 282, 283),
('P', 445, 630, 'P', 445, 720, 6.66, 3.995, 'Floor 3', 283, 284),
('P', 445, 720, 'P', 445, 767, 3.478, 2.086, 'Floor 3', 284, 285),
('P', 445, 767, 'P', 223, 767, 16.428, 9.856, 'Floor 3', 285, 286),
('X', 500, 436, 'P', 445, 436, 4.07, 2.441, 'Floor 3', 232, 281),
('X', 500, 518, 'P', 445, 518, 4.07, 2.441, 'Floor 3', 233, 282),
('X', 500, 720, 'P', 445, 720, 4.07, 2.441, 'Floor 3', 235, 284),
('P', 556, 874, 'P', 556, 1166, 21.608, 12.964, 'Floor 3', 329, 354),
('P', 556, 874, 'P', 757, 874, 14.874, 8.924, 'Floor 3', 329, 330),
('P', 556, 1166, 'P', 820, 1166, 19.536, 11.721, 'Floor 3', 354, 355),
('X', 557, 315, 'P', 597, 315, 2.96, 1.776, 'Floor 3', 236, 288),
('P', 597, 287, 'P', 597, 315, 2.072, 1.243, 'Floor 3', 287, 288),
('P', 597, 287, 'P', 666, 287, 5.106, 3.063, 'Floor 3', 287, 289),
('X', 666, 236, 'P', 666, 287, 3.774, 2.264, 'Floor 3', 237, 289),
('P', 666, 287, 'P', 757, 287, 6.734, 4.04, 'Floor 3', 289, 290),
('P', 757, 287, 'L', 757, 407, 8.88, 5.327, 'Floor 3', 290, 391),
('P', 757, 287, 'P', 887, 287, 9.62, 5.772, 'Floor 3', 290, 291),
('P', 757, 874, 'L', 757, 800, 5.476, 3.285, 'Floor 3', 330, 392),
('P', 757, 874, 'P', 955, 874, 14.652, 8.791, 'Floor 3', 330, 331),
('X', 820, 1225, 'P', 820, 1166, 4.366, 2.619, 'Floor 3', 267, 355),
('P', 878, 1166, 'P', 820, 1166, 4.292, 2.575, 'Floor 3', 353, 355),
('P', 878, 1166, 'L', 878, 1225, 4.366, 2.619, 'Floor 3', 353, 398),
('X', 887, 236, 'P', 887, 287, 3.774, 2.264, 'Floor 3', 238, 291),
('P', 887, 287, 'P', 1056, 287, 12.506, 7.503, 'Floor 3', 291, 294),
('P', 922, 1166, 'P', 878, 1166, 3.256, 1.953, 'Floor 3', 352, 353),
('P', 922, 1166, 'L', 922, 1250, 6.216, 3.729, 'Floor 3', 352, 397),
('P', 955, 874, 'P', 955, 1166, 21.608, 12.964, 'Floor 3', 331, 351),
('P', 955, 874, 'P', 1178, 874, 16.502, 9.901, 'Floor 3', 331, 332),
('P', 955, 1166, 'P', 922, 1166, 2.442, 1.465, 'Floor 3', 351, 352),
('X', 1015, 96, 'P', 1056, 96, 3.034, 1.82, 'Floor 3', 239, 292),
('X', 1015, 178, 'P', 1056, 178, 3.034, 1.82, 'Floor 3', 240, 293),
('X', 1015, 435, 'P', 1056, 435, 3.034, 1.82, 'Floor 3', 241, 296),
('X', 1015, 594, 'P', 1056, 594, 3.034, 1.82, 'Floor 3', 242, 298),
('X', 1055, 1075, 'P', 1055, 1166, 6.734, 4.04, 'Floor 3', 265, 350),
('P', 1055, 1166, 'P', 955, 1166, 7.4, 4.44, 'Floor 3', 350, 351),
('P', 1056, 96, 'P', 1056, 178, 6.068, 3.64, 'Floor 3', 292, 293),
('P', 1056, 178, 'P', 1056, 236, 4.292, 2.575, 'Floor 3', 293, 420),
('P', 1056, 178, 'P', 1056, 287, 8.066, 4.839, 'Floor 3', 293, 294),
('P', 1056, 287, 'P', 1056, 236, 3.774, 2.264, 'Floor 3', 294, 420),
('P', 1056, 287, 'P', 1056, 357, 5.18, 3.107, 'Floor 3', 294, 295),
('P', 1056, 357, 'P', 1056, 435, 5.772, 3.463, 'Floor 3', 295, 296),
('P', 1056, 357, 'P', 1235, 357, 13.246, 7.947, 'Floor 3', 295, 301),
('P', 1056, 435, 'P', 1056, 517, 6.068, 3.64, 'Floor 3', 296, 297),
('P', 1056, 517, 'P', 1056, 594, 5.698, 3.418, 'Floor 3', 297, 298),
('P', 1056, 594, 'P', 1056, 658, 4.736, 2.841, 'Floor 3', 298, 299),
('P', 1056, 658, 'P', 1056, 766, 7.992, 4.795, 'Floor 3', 299, 300),
('P', 1056, 766, 'P', 1178, 766, 9.028, 5.416, 'Floor 3', 300, 314),
('X', 1095, 517, 'P', 1056, 517, 2.886, 1.731, 'Floor 3', 243, 297),
('X', 1095, 658, 'P', 1056, 658, 2.886, 1.731, 'Floor 3', 244, 299),
('X', 1111, 236, 'P', 1056, 236, 4.07, 2.441, 'Floor 3', 419, 420),
('P', 1178, 766, 'P', 1178, 874, 7.992, 4.795, 'Floor 3', 314, 332),
('P', 1178, 874, 'P', 1220, 874, 3.108, 1.864, 'Floor 3', 332, 333),
('P', 1220, 874, 'P', 1250, 874, 2.22, 1.331, 'Floor 3', 333, 334),
('X', 1220, 935, 'P', 1220, 874, 4.514, 2.708, 'Floor 3', 263, 333),
('P', 1235, 357, 'P', 1235, 422, 4.81, 2.886, 'Floor 3', 301, 302),
('P', 1235, 357, 'P', 1414, 357, 13.246, 7.947, 'Floor 3', 301, 307),
('P', 1235, 422, 'P', 1235, 448, 1.924, 1.154, 'Floor 3', 302, 303),
('P', 1235, 422, 'L', 1280, 422, 3.33, 1.997, 'Floor 3', 302, 386),
('P', 1235, 448, 'L', 1187, 448, 3.552, 2.131, 'Floor 3', 303, 387),
('X', 1235, 500, 'P', 1235, 448, 3.848, 2.308, 'Floor 3', 268, 303),
('P', 1250, 874, 'L', 1250, 817, 4.218, 2.53, 'Floor 3', 334, 393),
('P', 1250, 874, 'P', 1506, 874, 18.944, 11.366, 'Floor 3', 334, 335),
('X', 1365, 236, 'P', 1414, 236, 3.626, 2.175, 'Floor 3', 246, 305),
('X', 1365, 1075, 'P', 1365, 1166, 6.734, 4.04, 'Floor 3', 264, 349),
('P', 1365, 1166, 'P', 1055, 1166, 22.94, 13.763, 'Floor 3', 349, 350),
('X', 1373, 657, 'P', 1373, 695, 2.812, 1.687, 'Floor 3', 250, 312),
('P', 1414, 177, 'P', 1414, 236, 4.366, 2.619, 'Floor 3', 304, 305),
('P', 1414, 236, 'P', 1414, 287, 3.774, 2.264, 'Floor 3', 305, 306),
('P', 1414, 287, 'P', 1414, 357, 5.18, 3.107, 'Floor 3', 306, 307),
('P', 1414, 287, 'P', 1712, 287, 22.052, 13.231, 'Floor 3', 306, 315),
('P', 1414, 435, 'P', 1414, 357, 6.55558, 3.933, 'Floor 3', 308, 307),
('P', 1414, 435, 'P', 1414, 518, 6.142, 3.685, 'Floor 3', 308, 309),
('P', 1414, 518, 'P', 1414, 636, 8.732, 5.239, 'Floor 3', 309, 310),
('P', 1414, 636, 'P', 1414, 695, 4.366, 2.619, 'Floor 3', 310, 311),
('P', 1414, 695, 'P', 1373, 695, 3.034, 1.82, 'Floor 3', 311, 312),
('P', 1414, 695, 'P', 1414, 766, 5.254, 3.152, 'Floor 3', 311, 313),
('P', 1414, 766, 'P', 1178, 766, 17.464, 10.478, 'Floor 3', 313, 314),
('X', 1456, 177, 'P', 1414, 177, 3.108, 1.864, 'Floor 3', 245, 304),
('X', 1456, 435, 'P', 1414, 435, 3.108, 1.864, 'Floor 3', 247, 308),
('X', 1456, 518, 'P', 1414, 518, 3.108, 1.864, 'Floor 3', 248, 309),
('X', 1456, 636, 'P', 1414, 636, 3.108, 1.864, 'Floor 3', 249, 310),
('P', 1506, 874, 'P', 1506, 1166, 21.608, 12.964, 'Floor 3', 335, 348),
('P', 1506, 874, 'P', 1582, 874, 5.624, 3.374, 'Floor 3', 335, 336),
('P', 1506, 1166, 'P', 1365, 1166, 10.434, 6.26, 'Floor 3', 348, 349),
('P', 1582, 874, 'P', 1712, 874, 9.62, 5.772, 'Floor 3', 336, 337),
('X', 1582, 940, 'P', 1582, 874, 4.884, 2.93, 'Floor 3', 261, 336),
('P', 1712, 287, 'L', 1712, 407, 8.88, 5.327, 'Floor 3', 315, 394),
('P', 1712, 287, 'P', 2011, 287, 22.126, 13.275, 'Floor 3', 315, 316),
('P', 1712, 874, 'L', 1712, 766, 7.992, 4.795, 'Floor 3', 337, 395),
('P', 1712, 874, 'P', 1935, 874, 16.502, 9.901, 'Floor 3', 337, 338),
('X', 1785, 1075, 'P', 1785, 1166, 6.734, 4.04, 'Floor 3', 262, 347),
('P', 1785, 1166, 'P', 1506, 1166, 20.646, 12.387, 'Floor 3', 347, 348),
('P', 1935, 874, 'P', 2060, 874, 9.25, 5.549, 'Floor 3', 338, 339),
('X', 1935, 940, 'P', 1935, 874, 4.884, 2.93, 'Floor 3', 259, 338),
('X', 1971, 435, 'P', 2011, 435, 2.96, 1.776, 'Floor 3', 251, 318),
('X', 1971, 630, 'P', 2011, 630, 2.96, 1.776, 'Floor 3', 252, 320),
('X', 2000, 1075, 'P', 2000, 1166, 6.734, 4.04, 'Floor 3', 260, 346),
('P', 2000, 1166, 'P', 1785, 1166, 15.91, 9.546, 'Floor 3', 346, 347),
('P', 2011, 287, 'P', 2011, 357, 5.18, 3.107, 'Floor 3', 316, 317),
('P', 2011, 357, 'P', 2011, 435, 5.772, 3.463, 'Floor 3', 317, 318),
('P', 2011, 357, 'P', 2190, 357, 13.246, 7.947, 'Floor 3', 317, 323),
('P', 2011, 435, 'P', 2011, 518, 6.142, 3.685, 'Floor 3', 318, 319),
('P', 2011, 518, 'P', 2011, 630, 8.288, 4.972, 'Floor 3', 319, 320),
('P', 2011, 630, 'P', 2011, 720, 6.66, 3.995, 'Floor 3', 320, 321),
('P', 2011, 720, 'P', 2011, 766, 3.404, 2.042, 'Floor 3', 321, 322),
('P', 2011, 766, 'P', 2190, 766, 13.246, 7.947, 'Floor 3', 322, 325),
('P', 2060, 874, 'P', 2190, 874, 9.62, 5.772, 'Floor 3', 339, 340),
('X', 2060, 940, 'P', 2060, 874, 4.884, 2.93, 'Floor 3', 257, 339),
('X', 2080, 518, 'P', 2011, 518, 5.106, 3.063, 'Floor 3', 253, 319),
('X', 2080, 720, 'P', 2011, 720, 5.106, 3.063, 'Floor 3', 254, 321),
('X', 2180, 1075, 'P', 2180, 1166, 6.734, 4.04, 'Floor 3', 258, 345),
('P', 2180, 1166, 'P', 2000, 1166, 13.32, 7.991, 'Floor 3', 345, 346),
('P', 2190, 357, 'P', 2190, 422, 4.81, 2.886, 'Floor 3', 323, 324),
('P', 2190, 422, 'L', 2148, 422, 3.108, 1.864, 'Floor 3', 324, 388),
('P', 2190, 422, 'P', 2190, 448, 1.924, 1.154, 'Floor 3', 324, 326),
('P', 2190, 448, 'L', 2235, 448, 3.33, 1.997, 'Floor 3', 326, 389),
('X', 2190, 500, 'P', 2190, 357, 10.582, 6.349, 'Floor 3', 269, 323),
('X', 2190, 500, 'P', 2190, 448, 3.848, 2.308, 'Floor 3', 269, 326),
('P', 2190, 766, 'L', 2190, 817, 3.774, 2.264, 'Floor 3', 325, 396),
('P', 2190, 766, 'P', 2190, 874, 7.992, 4.795, 'Floor 3', 325, 340),
('P', 2190, 874, 'L', 2190, 817, 4.218, 2.53, 'Floor 3', 340, 396),
('P', 2190, 874, 'P', 2300, 874, 8.14, 4.883, 'Floor 3', 340, 341),
('P', 2300, 874, 'P', 2422, 874, 9.028, 5.416, 'Floor 3', 341, 342),
('X', 2300, 940, 'P', 2300, 874, 4.884, 2.93, 'Floor 3', 255, 341),
('X', 2380, 1025, 'P', 2422, 1025, 3.108, 1.864, 'Floor 3', 256, 343),
('P', 2422, 874, 'P', 2422, 1025, 11.174, 6.704, 'Floor 3', 342, 343),
('P', 2422, 1025, 'P', 2422, 1166, 10.434, 6.26, 'Floor 3', 343, 344),
('P', 2422, 1166, 'P', 2180, 1166, 17.908, 10.744, 'Floor 3', 344, 345);
